agent_type,placement_method,game_id,agent_won,turns,agent_hits,player_hits,agent_sunk,player_sunk
random,random,0,false,86,14,17,2,5
random,random,1,true,92,17,16,5,4
random,random,2,false,89,16,17,4,5
random,random,3,false,99,16,17,4,5
random,random,4,true,93,17,16,5,4
random,random,5,true,89,17,13,5,2
random,random,6,false,97,16,17,4,5
random,random,7,true,100,17,16,5,4
random,random,8,true,99,17,15,5,3
random,random,9,false,92,16,17,4,5
random,random,10,false,84,14,17,3,5
random,random,11,false,98,15,17,3,5
random,random,12,false,96,16,17,4,5
random,random,13,true,89,17,14,5,3
random,random,14,true,93,17,16,5,4
random,random,15,true,89,17,13,5,2
random,random,16,true,99,17,16,5,4
random,random,17,false,93,16,17,4,5
random,random,18,false,80,15,17,4,5
random,random,19,false,90,16,17,4,5
random,random,20,true,91,17,15,5,4
random,random,21,false,97,15,17,4,5
random,random,22,false,89,16,17,4,5
random,random,23,false,91,16,17,4,5
random,random,24,false,99,16,17,4,5
random,random,25,false,99,16,17,4,5
random,random,26,false,97,16,17,4,5
random,random,27,true,94,17,15,5,3
random,random,28,false,95,16,17,4,5
random,random,29,true,84,17,16,5,4
random,random,30,true,86,17,13,5,2
random,random,31,false,97,15,17,4,5
random,random,32,true,97,17,15,5,3
random,random,33,false,91,16,17,4,5
random,random,34,true,97,17,16,5,4
random,random,35,true,96,17,16,5,4
random,random,36,true,94,17,14,5,3
random,random,37,false,95,16,17,4,5
random,random,38,true,93,17,16,5,4
random,random,39,true,89,17,16,5,4
random,random,40,false,84,12,17,2,5
random,random,41,false,96,16,17,4,5
random,random,42,false,91,15,17,3,5
random,random,43,true,97,17,16,5,4
random,random,44,true,90,17,16,5,4
random,random,45,true,94,17,16,5,4
random,random,46,true,99,17,16,5,4
random,random,47,true,92,17,14,5,3
random,random,48,true,95,17,16,5,4
random,random,49,true,95,17,16,5,4
random,random,50,true,95,17,16,5,4
random,random,51,false,90,15,17,3,5
random,random,52,false,94,16,17,4,5
random,random,53,true,98,17,16,5,4
random,random,54,false,90,16,17,4,5
random,random,55,true,96,17,15,5,4
random,random,56,false,76,12,17,2,5
random,random,57,true,98,17,15,5,3
random,random,58,false,89,16,17,4,5
random,random,59,true,100,17,16,5,4
random,random,60,true,90,17,13,5,2
random,random,61,false,86,14,17,3,5
random,random,62,false,96,16,17,4,5
random,random,63,false,97,16,17,4,5
random,random,64,true,93,17,15,5,3
random,random,65,true,87,17,12,5,1
random,random,66,false,90,16,17,4,5
random,random,67,false,97,16,17,4,5
random,random,68,true,82,17,14,5,3
random,random,69,true,92,17,16,5,4
random,random,70,false,89,13,17,2,5
random,random,71,false,93,16,17,4,5
random,random,72,false,94,15,17,4,5
random,random,73,true,93,17,14,5,2
random,random,74,true,97,17,15,5,3
random,random,75,false,99,16,17,4,5
random,random,76,true,92,17,14,5,2
random,random,77,false,99,16,17,4,5
random,random,78,false,97,14,17,4,5
random,random,79,false,96,16,17,4,5
random,random,80,true,99,17,16,5,4
random,random,81,false,96,16,17,4,5
random,random,82,true,89,17,15,5,3
random,random,83,false,95,16,17,4,5
random,random,84,false,96,16,17,4,5
random,random,85,true,94,17,16,5,4
random,random,86,false,94,16,17,4,5
random,random,87,false,97,16,17,4,5
random,random,88,false,96,16,17,4,5
random,random,89,false,90,16,17,4,5
random,random,90,false,89,15,17,3,5
random,random,91,true,90,17,16,5,4
random,random,92,false,90,14,17,3,5
random,random,93,true,96,17,15,5,3
random,random,94,false,93,16,17,4,5
random,random,95,false,91,15,17,3,5
random,random,96,true,88,17,14,5,3
random,random,97,true,94,17,16,5,4
random,random,98,true,100,17,16,5,4
random,random,99,true,83,17,13,5,2
random,gaussian,0,false,93,16,17,4,5
random,gaussian,1,true,94,17,16,5,4
random,gaussian,2,true,100,17,16,5,4
random,gaussian,3,false,94,16,17,4,5
random,gaussian,4,true,98,17,16,5,4
random,gaussian,5,true,84,17,14,5,2
random,gaussian,6,false,93,16,17,4,5
random,gaussian,7,false,93,16,17,4,5
random,gaussian,8,true,87,17,14,5,3
random,gaussian,9,false,90,13,17,1,5
random,gaussian,10,false,96,16,17,4,5
random,gaussian,11,false,87,15,17,3,5
random,gaussian,12,true,99,17,16,5,4
random,gaussian,13,true,97,17,16,5,4
random,gaussian,14,false,96,16,17,4,5
random,gaussian,15,true,85,17,13,5,2
random,gaussian,16,true,92,17,16,5,4
random,gaussian,17,true,95,17,16,5,4
random,gaussian,18,true,87,17,14,5,2
random,gaussian,19,false,82,14,17,2,5
random,gaussian,20,true,94,17,15,5,3
random,gaussian,21,true,95,17,16,5,4
random,gaussian,22,true,94,17,15,5,3
random,gaussian,23,true,96,17,16,5,4
random,gaussian,24,false,87,12,17,1,5
random,gaussian,25,false,93,16,17,4,5
random,gaussian,26,true,97,17,14,5,2
random,gaussian,27,false,91,16,17,4,5
random,gaussian,28,false,91,15,17,3,5
random,gaussian,29,true,99,17,16,5,4
random,gaussian,30,false,95,16,17,4,5
random,gaussian,31,true,95,17,16,5,4
random,gaussian,32,false,93,16,17,4,5
random,gaussian,33,false,92,15,17,4,5
random,gaussian,34,true,99,17,16,5,4
random,gaussian,35,false,86,15,17,3,5
random,gaussian,36,true,99,17,16,5,4
random,gaussian,37,false,94,15,17,3,5
random,gaussian,38,false,93,16,17,4,5
random,gaussian,39,true,98,17,16,5,4
random,gaussian,40,true,96,17,16,5,4
random,gaussian,41,true,100,17,16,5,4
random,gaussian,42,false,86,15,17,3,5
random,gaussian,43,true,94,17,14,5,2
random,gaussian,44,false,95,16,17,4,5
random,gaussian,45,true,99,17,16,5,4
random,gaussian,46,true,97,17,16,5,4
random,gaussian,47,false,93,15,17,3,5
random,gaussian,48,true,99,17,16,5,4
random,gaussian,49,false,94,16,17,4,5
random,gaussian,50,false,90,14,17,2,5
random,gaussian,51,true,90,17,15,5,4
random,gaussian,52,false,93,16,17,4,5
random,gaussian,53,true,97,17,16,5,4
random,gaussian,54,false,89,15,17,3,5
random,gaussian,55,false,95,15,17,3,5
random,gaussian,56,true,72,17,13,5,2
random,gaussian,57,true,94,17,15,5,3
random,gaussian,58,false,84,15,17,3,5
random,gaussian,59,true,98,17,16,5,4
random,gaussian,60,false,93,14,17,2,5
random,gaussian,61,false,93,15,17,4,5
random,gaussian,62,false,93,15,17,4,5
random,gaussian,63,true,99,17,16,5,4
random,gaussian,64,false,91,15,17,3,5
random,gaussian,65,false,91,16,17,4,5
random,gaussian,66,true,93,17,13,5,1
random,gaussian,67,false,83,13,17,2,5
random,gaussian,68,true,94,17,16,5,4
random,gaussian,69,true,100,17,16,5,4
random,gaussian,70,false,92,14,17,2,5
random,gaussian,71,false,84,15,17,3,5
random,gaussian,72,false,97,16,17,4,5
random,gaussian,73,false,97,16,17,4,5
random,gaussian,74,false,85,13,17,2,5
random,gaussian,75,true,92,17,16,5,4
random,gaussian,76,true,91,17,16,5,4
random,gaussian,77,true,96,17,15,5,3
random,gaussian,78,true,85,17,12,5,2
random,gaussian,79,true,100,17,16,5,4
random,gaussian,80,false,95,15,17,3,5
random,gaussian,81,true,94,17,14,5,3
random,gaussian,82,true,95,17,16,5,4
random,gaussian,83,false,93,16,17,4,5
random,gaussian,84,true,94,17,16,5,4
random,gaussian,85,true,89,17,14,5,2
random,gaussian,86,true,99,17,15,5,4
random,gaussian,87,false,88,13,17,1,5
random,gaussian,88,false,95,16,17,4,5
random,gaussian,89,false,95,16,17,4,5
random,gaussian,90,false,88,13,17,2,5
random,gaussian,91,true,87,17,16,5,4
random,gaussian,92,false,95,16,17,4,5
random,gaussian,93,false,88,12,17,1,5
random,gaussian,94,true,86,17,15,5,3
random,gaussian,95,true,91,17,16,5,4
random,gaussian,96,false,99,16,17,4,5
random,gaussian,97,false,97,16,17,4,5
random,gaussian,98,true,84,17,14,5,2
random,gaussian,99,true,100,17,16,5,4
random,spread,0,true,97,17,15,5,3
random,spread,1,false,90,13,17,2,5
random,spread,2,false,92,16,17,4,5
random,spread,3,false,92,15,17,3,5
random,spread,4,true,89,17,15,5,4
random,spread,5,true,86,17,13,5,2
random,spread,6,false,83,15,17,3,5
random,spread,7,true,96,17,16,5,4
random,spread,8,true,95,17,16,5,4
random,spread,9,true,99,17,16,5,4
random,spread,10,false,98,16,17,4,5
random,spread,11,false,98,15,17,3,5
random,spread,12,true,98,17,16,5,4
random,spread,13,true,88,17,12,5,1
random,spread,14,false,99,16,17,4,5
random,spread,15,false,97,16,17,4,5
random,spread,16,true,96,17,16,5,4
random,spread,17,true,100,17,16,5,4
random,spread,18,false,89,16,17,4,5
random,spread,19,false,97,16,17,4,5
random,spread,20,true,96,17,15,5,3
random,spread,21,true,94,17,16,5,4
random,spread,22,false,88,14,17,3,5
random,spread,23,true,96,17,16,5,4
random,spread,24,true,88,17,14,5,3
random,spread,25,true,89,17,15,5,3
random,spread,26,true,96,17,16,5,4
random,spread,27,false,96,15,17,3,5
random,spread,28,true,98,17,16,5,4
random,spread,29,true,99,17,16,5,4
random,spread,30,false,98,15,17,3,5
random,spread,31,false,98,16,17,4,5
random,spread,32,true,96,17,14,5,3
random,spread,33,true,99,17,16,5,4
random,spread,34,false,85,14,17,3,5
random,spread,35,false,94,16,17,4,5
random,spread,36,false,86,16,17,4,5
random,spread,37,true,99,17,16,5,4
random,spread,38,true,92,17,14,5,3
random,spread,39,true,96,17,14,5,3
random,spread,40,true,98,17,16,5,4
random,spread,41,true,87,17,14,5,2
random,spread,42,false,84,16,17,4,5
random,spread,43,true,95,17,16,5,4
random,spread,44,false,89,16,17,4,5
random,spread,45,true,99,17,16,5,4
random,spread,46,true,95,17,15,5,3
random,spread,47,true,91,17,15,5,3
random,spread,48,false,99,16,17,4,5
random,spread,49,true,100,17,16,5,4
random,spread,50,true,100,17,16,5,4
random,spread,51,false,93,16,17,4,5
random,spread,52,false,84,13,17,2,5
random,spread,53,true,96,17,16,5,4
random,spread,54,false,92,16,17,4,5
random,spread,55,false,82,15,17,3,5
random,spread,56,false,89,14,17,3,5
random,spread,57,true,92,17,14,5,3
random,spread,58,false,95,16,17,4,5
random,spread,59,false,92,15,17,3,5
random,spread,60,true,87,17,14,5,3
random,spread,61,true,93,17,16,5,4
random,spread,62,true,96,17,16,5,4
random,spread,63,true,94,17,15,5,3
random,spread,64,false,96,16,17,4,5
random,spread,65,true,98,17,16,5,4
random,spread,66,true,94,17,16,5,4
random,spread,67,true,89,17,15,5,4
random,spread,68,false,87,14,17,3,5
random,spread,69,true,95,17,16,5,4
random,spread,70,false,91,15,17,4,5
random,spread,71,false,91,16,17,4,5
random,spread,72,true,94,17,16,5,4
random,spread,73,false,91,13,17,3,5
random,spread,74,true,93,17,16,5,4
random,spread,75,false,97,16,17,4,5
random,spread,76,true,97,17,14,5,2
random,spread,77,true,91,17,14,5,3
random,spread,78,true,90,17,16,5,4
random,spread,79,true,88,17,15,5,3
random,spread,80,false,90,16,17,4,5
random,spread,81,false,92,16,17,4,5
random,spread,82,false,84,16,17,4,5
random,spread,83,true,85,17,11,5,1
random,spread,84,true,99,17,16,5,4
random,spread,85,true,90,17,13,5,2
random,spread,86,false,84,14,17,3,5
random,spread,87,false,86,13,17,2,5
random,spread,88,false,95,16,17,4,5
random,spread,89,false,94,16,17,4,5
random,spread,90,true,96,17,15,5,3
random,spread,91,true,80,17,15,5,3
random,spread,92,false,98,16,17,4,5
random,spread,93,false,94,15,17,4,5
random,spread,94,false,98,15,17,3,5
random,spread,95,true,100,17,16,5,4
random,spread,96,true,99,17,16,5,4
random,spread,97,true,99,17,16,5,4
random,spread,98,true,93,17,15,5,3
random,spread,99,true,89,17,15,5,3
random,edges,0,false,95,15,17,3,5
random,edges,1,false,85,14,17,2,5
random,edges,2,true,77,17,12,5,2
random,edges,3,true,97,17,16,5,4
random,edges,4,true,89,17,14,5,2
random,edges,5,false,98,16,17,4,5
random,edges,6,true,88,17,14,5,2
random,edges,7,true,98,17,16,5,4
random,edges,8,true,97,17,16,5,4
random,edges,9,true,92,17,15,5,3
random,edges,10,true,97,17,15,5,3
random,edges,11,false,97,16,17,4,5
random,edges,12,false,99,16,17,4,5
random,edges,13,true,98,17,16,5,4
random,edges,14,false,95,15,17,3,5
random,edges,15,false,87,15,17,3,5
random,edges,16,true,91,17,15,5,3
random,edges,17,true,88,17,14,5,2
random,edges,18,true,97,17,15,5,3
random,edges,19,true,98,17,16,5,4
random,edges,20,false,91,15,17,3,5
random,edges,21,true,94,17,15,5,3
random,edges,22,true,95,17,16,5,4
random,edges,23,false,91,15,17,4,5
random,edges,24,true,86,17,15,5,4
random,edges,25,true,99,17,16,5,4
random,edges,26,true,93,17,16,5,4
random,edges,27,true,98,17,16,5,4
random,edges,28,true,89,17,15,5,4
random,edges,29,false,98,16,17,4,5
random,edges,30,true,100,17,16,5,4
random,edges,31,true,100,17,16,5,4
random,edges,32,true,91,17,13,5,2
random,edges,33,true,90,17,16,5,4
random,edges,34,true,94,17,15,5,3
random,edges,35,true,97,17,16,5,4
random,edges,36,true,92,17,15,5,3
random,edges,37,false,97,16,17,4,5
random,edges,38,true,95,17,16,5,4
random,edges,39,true,91,17,16,5,4
random,edges,40,false,92,14,17,3,5
random,edges,41,false,95,15,17,3,5
random,edges,42,true,95,17,13,5,2
random,edges,43,false,98,16,17,4,5
random,edges,44,true,80,17,11,5,1
random,edges,45,false,82,12,17,0,5
random,edges,46,false,95,16,17,4,5
random,edges,47,false,96,16,17,4,5
random,edges,48,true,95,17,16,5,4
random,edges,49,false,97,16,17,4,5
random,edges,50,false,98,16,17,4,5
random,edges,51,true,93,17,16,5,4
random,edges,52,false,99,16,17,4,5
random,edges,53,true,99,17,16,5,4
random,edges,54,true,92,17,15,5,3
random,edges,55,true,99,17,16,5,4
random,edges,56,true,91,17,14,5,3
random,edges,57,false,84,14,17,3,5
random,edges,58,false,94,16,17,4,5
random,edges,59,false,87,16,17,4,5
random,edges,60,true,90,17,16,5,4
random,edges,61,false,85,14,17,2,5
random,edges,62,true,95,17,16,5,4
random,edges,63,false,93,15,17,4,5
random,edges,64,true,93,17,16,5,4
random,edges,65,false,92,16,17,4,5
random,edges,66,false,97,16,17,4,5
random,edges,67,true,88,17,15,5,3
random,edges,68,false,98,16,17,4,5
random,edges,69,false,90,16,17,4,5
random,edges,70,true,93,17,16,5,4
random,edges,71,false,93,15,17,3,5
random,edges,72,true,95,17,15,5,3
random,edges,73,true,97,17,16,5,4
random,edges,74,false,96,15,17,3,5
random,edges,75,false,86,15,17,3,5
random,edges,76,true,90,17,16,5,4
random,edges,77,true,96,17,16,5,4
random,edges,78,false,84,16,17,4,5
random,edges,79,true,94,17,16,5,4
random,edges,80,false,99,16,17,4,5
random,edges,81,false,93,16,17,4,5
random,edges,82,true,99,17,16,5,4
random,edges,83,true,99,17,16,5,4
random,edges,84,true,95,17,15,5,3
random,edges,85,false,98,16,17,4,5
random,edges,86,false,85,13,17,2,5
random,edges,87,false,94,15,17,3,5
random,edges,88,false,79,12,17,2,5
random,edges,89,true,100,17,16,5,4
random,edges,90,false,93,16,17,4,5
random,edges,91,true,91,17,16,5,4
random,edges,92,true,97,17,15,5,3
random,edges,93,true,95,17,15,5,3
random,edges,94,true,79,17,14,5,2
random,edges,95,false,95,16,17,4,5
random,edges,96,true,100,17,16,5,4
random,edges,97,true,73,17,12,5,1
random,edges,98,false,95,16,17,4,5
random,edges,99,true,100,17,16,5,4
random,corners,0,false,92,14,17,3,5
random,corners,1,true,86,17,14,5,2
random,corners,2,false,93,16,17,4,5
random,corners,3,false,95,15,17,4,5
random,corners,4,true,89,17,13,5,2
random,corners,5,false,98,16,17,4,5
random,corners,6,false,98,16,17,4,5
random,corners,7,true,96,17,15,5,3
random,corners,8,false,97,16,17,4,5
random,corners,9,true,86,17,16,5,4
random,corners,10,false,87,15,17,3,5
random,corners,11,true,99,17,16,5,4
random,corners,12,true,96,17,16,5,4
random,corners,13,false,98,16,17,4,5
random,corners,14,true,92,17,13,5,1
random,corners,15,false,89,15,17,4,5
random,corners,16,false,98,16,17,4,5
random,corners,17,true,95,17,14,5,2
random,corners,18,false,93,15,17,3,5
random,corners,19,false,99,16,17,4,5
random,corners,20,true,96,17,15,5,3
random,corners,21,false,96,16,17,4,5
random,corners,22,true,97,17,16,5,4
random,corners,23,true,92,17,16,5,4
random,corners,24,false,92,16,17,4,5
random,corners,25,true,93,17,15,5,4
random,corners,26,true,99,17,16,5,4
random,corners,27,false,96,16,17,4,5
random,corners,28,false,94,15,17,3,5
random,corners,29,false,94,16,17,4,5
random,corners,30,false,90,14,17,3,5
random,corners,31,false,78,14,17,3,5
random,corners,32,false,98,16,17,4,5
random,corners,33,false,97,16,17,4,5
random,corners,34,true,89,17,14,5,2
random,corners,35,true,90,17,15,5,3
random,corners,36,false,94,16,17,4,5
random,corners,37,true,97,17,16,5,4
random,corners,38,false,95,15,17,3,5
random,corners,39,true,93,17,15,5,3
random,corners,40,true,96,17,16,5,4
random,corners,41,true,100,17,16,5,4
random,corners,42,true,79,17,15,5,3
random,corners,43,false,94,16,17,4,5
random,corners,44,true,95,17,16,5,4
random,corners,45,true,97,17,15,5,3
random,corners,46,false,99,16,17,4,5
random,corners,47,true,99,17,16,5,4
random,corners,48,false,84,15,17,3,5
random,corners,49,true,85,17,15,5,3
random,corners,50,false,93,15,17,3,5
random,corners,51,false,86,15,17,3,5
random,corners,52,true,92,17,15,5,4
random,corners,53,false,95,15,17,3,5
random,corners,54,true,97,17,16,5,4
random,corners,55,false,83,16,17,4,5
random,corners,56,false,96,16,17,4,5
random,corners,57,true,87,17,15,5,3
random,corners,58,false,84,16,17,4,5
random,corners,59,false,98,15,17,4,5
random,corners,60,false,95,16,17,4,5
random,corners,61,true,84,17,15,5,3
random,corners,62,true,98,17,16,5,4
random,corners,63,false,94,15,17,3,5
random,corners,64,true,92,17,14,5,2
random,corners,65,true,77,17,15,5,3
random,corners,66,false,95,16,17,4,5
random,corners,67,false,95,15,17,3,5
random,corners,68,true,95,17,16,5,4
random,corners,69,false,74,12,17,2,5
random,corners,70,true,91,17,16,5,4
random,corners,71,true,96,17,16,5,4
random,corners,72,false,93,16,17,4,5
random,corners,73,true,98,17,16,5,4
random,corners,74,false,85,15,17,3,5
random,corners,75,false,92,15,17,3,5
random,corners,76,true,95,17,16,5,4
random,corners,77,false,93,16,17,4,5
random,corners,78,false,99,16,17,4,5
random,corners,79,true,85,17,15,5,3
random,corners,80,false,98,16,17,4,5
random,corners,81,true,87,17,13,5,2
random,corners,82,true,100,17,16,5,4
random,corners,83,true,89,17,16,5,4
random,corners,84,true,95,17,16,5,4
random,corners,85,true,98,17,16,5,4
random,corners,86,true,98,17,16,5,4
random,corners,87,true,89,17,16,5,4
random,corners,88,true,95,17,16,5,4
random,corners,89,true,97,17,16,5,4
random,corners,90,false,95,16,17,4,5
random,corners,91,true,98,17,15,5,3
random,corners,92,false,95,15,17,3,5
random,corners,93,true,96,17,16,5,4
random,corners,94,false,97,16,17,4,5
random,corners,95,false,95,16,17,4,5
random,corners,96,true,94,17,15,5,3
random,corners,97,false,91,13,17,2,5
random,corners,98,true,93,17,16,5,4
random,corners,99,true,99,17,16,5,4
random,clustered,0,false,88,15,17,3,5
random,clustered,1,true,90,17,16,5,4
random,clustered,2,false,95,16,17,4,5
random,clustered,3,false,83,13,17,2,5
random,clustered,4,true,100,17,16,5,4
random,clustered,5,false,94,14,17,2,5
random,clustered,6,true,100,17,16,5,4
random,clustered,7,true,99,17,16,5,4
random,clustered,8,false,91,16,17,4,5
random,clustered,9,true,94,17,15,5,3
random,clustered,10,false,93,15,17,3,5
random,clustered,11,false,90,16,17,4,5
random,clustered,12,true,87,17,15,5,3
random,clustered,13,true,95,17,16,5,4
random,clustered,14,false,93,16,17,4,5
random,clustered,15,false,95,16,17,4,5
random,clustered,16,true,91,17,15,5,4
random,clustered,17,true,96,17,16,5,4
random,clustered,18,false,90,15,17,3,5
random,clustered,19,true,98,17,15,5,4
random,clustered,20,false,94,16,17,4,5
random,clustered,21,true,97,17,16,5,4
random,clustered,22,false,88,14,17,3,5
random,clustered,23,true,98,17,16,5,4
random,clustered,24,false,99,16,17,4,5
random,clustered,25,true,91,17,15,5,3
random,clustered,26,true,84,17,12,5,1
random,clustered,27,false,95,16,17,4,5
random,clustered,28,false,99,16,17,4,5
random,clustered,29,true,97,17,16,5,4
random,clustered,30,true,96,17,15,5,3
random,clustered,31,false,95,16,17,4,5
random,clustered,32,false,96,16,17,4,5
random,clustered,33,true,92,17,15,5,3
random,clustered,34,false,87,14,17,2,5
random,clustered,35,true,93,17,16,5,4
random,clustered,36,true,91,17,15,5,3
random,clustered,37,true,97,17,16,5,4
random,clustered,38,false,90,14,17,2,5
random,clustered,39,true,94,17,16,5,4
random,clustered,40,false,98,16,17,4,5
random,clustered,41,true,98,17,16,5,4
random,clustered,42,false,95,16,17,4,5
random,clustered,43,false,90,16,17,4,5
random,clustered,44,true,98,17,16,5,4
random,clustered,45,false,86,15,17,3,5
random,clustered,46,true,96,17,16,5,4
random,clustered,47,false,98,16,17,4,5
random,clustered,48,true,91,17,15,5,4
random,clustered,49,true,91,17,16,5,4
random,clustered,50,true,99,17,15,5,3
random,clustered,51,false,97,16,17,4,5
random,clustered,52,true,95,17,15,5,3
random,clustered,53,false,95,16,17,4,5
random,clustered,54,false,93,16,17,4,5
random,clustered,55,true,92,17,15,5,3
random,clustered,56,false,95,16,17,4,5
random,clustered,57,false,94,16,17,4,5
random,clustered,58,true,95,17,13,5,2
random,clustered,59,false,97,16,17,4,5
random,clustered,60,true,95,17,16,5,4
random,clustered,61,true,94,17,15,5,3
random,clustered,62,true,98,17,16,5,4
random,clustered,63,false,97,16,17,4,5
random,clustered,64,false,95,15,17,4,5
random,clustered,65,true,100,17,16,5,4
random,clustered,66,true,92,17,15,5,3
random,clustered,67,true,96,17,16,5,4
random,clustered,68,false,88,16,17,4,5
random,clustered,69,true,99,17,16,5,4
random,clustered,70,false,94,15,17,3,5
random,clustered,71,true,86,17,15,5,3
random,clustered,72,true,97,17,16,5,4
random,clustered,73,true,97,17,16,5,4
random,clustered,74,false,98,16,17,4,5
random,clustered,75,false,91,15,17,3,5
random,clustered,76,true,98,17,16,5,4
random,clustered,77,false,97,16,17,4,5
random,clustered,78,false,85,14,17,2,5
random,clustered,79,true,88,17,15,5,3
random,clustered,80,false,97,16,17,4,5
random,clustered,81,false,94,15,17,3,5
random,clustered,82,true,98,17,16,5,4
random,clustered,83,true,85,17,16,5,4
random,clustered,84,true,97,17,16,5,4
random,clustered,85,false,72,13,17,2,5
random,clustered,86,true,93,17,16,5,4
random,clustered,87,false,89,16,17,4,5
random,clustered,88,false,92,14,17,2,5
random,clustered,89,false,96,16,17,4,5
random,clustered,90,true,98,17,16,5,4
random,clustered,91,true,83,17,16,5,4
random,clustered,92,true,93,17,15,5,4
random,clustered,93,false,92,15,17,3,5
random,clustered,94,false,87,15,17,3,5
random,clustered,95,true,96,17,16,5,4
random,clustered,96,false,79,15,17,3,5
random,clustered,97,false,90,16,17,4,5
random,clustered,98,false,85,16,17,4,5
random,clustered,99,false,92,15,17,3,5
random,quadrant,0,false,95,15,17,4,5
random,quadrant,1,true,98,17,16,5,4
random,quadrant,2,false,97,16,17,4,5
random,quadrant,3,true,93,17,14,5,3
random,quadrant,4,false,96,15,17,3,5
random,quadrant,5,false,94,16,17,4,5
random,quadrant,6,false,90,14,17,3,5
random,quadrant,7,true,98,17,16,5,4
random,quadrant,8,false,83,13,17,2,5
random,quadrant,9,true,89,17,15,5,3
random,quadrant,10,false,97,16,17,4,5
random,quadrant,11,false,89,16,17,4,5
random,quadrant,12,false,98,16,17,4,5
random,quadrant,13,true,92,17,15,5,3
random,quadrant,14,true,93,17,16,5,4
random,quadrant,15,true,99,17,16,5,4
random,quadrant,16,false,97,15,17,4,5
random,quadrant,17,false,91,14,17,3,5
random,quadrant,18,false,96,16,17,4,5
random,quadrant,19,false,83,15,17,4,5
random,quadrant,20,false,94,16,17,4,5
random,quadrant,21,true,93,17,13,5,2
random,quadrant,22,true,96,17,16,5,4
random,quadrant,23,true,88,17,14,5,3
random,quadrant,24,false,92,15,17,3,5
random,quadrant,25,true,97,17,16,5,4
random,quadrant,26,true,97,17,16,5,4
random,quadrant,27,false,88,16,17,4,5
random,quadrant,28,false,94,15,17,4,5
random,quadrant,29,false,96,16,17,4,5
random,quadrant,30,false,95,16,17,4,5
random,quadrant,31,true,89,17,15,5,3
random,quadrant,32,true,96,17,16,5,4
random,quadrant,33,true,98,17,16,5,4
random,quadrant,34,false,96,14,17,2,5
random,quadrant,35,true,98,17,15,5,3
random,quadrant,36,true,93,17,16,5,4
random,quadrant,37,true,97,17,16,5,4
random,quadrant,38,false,99,16,17,4,5
random,quadrant,39,true,92,17,13,5,2
random,quadrant,40,true,89,17,12,5,0
random,quadrant,41,true,92,17,16,5,4
random,quadrant,42,false,94,14,17,2,5
random,quadrant,43,false,89,15,17,3,5
random,quadrant,44,false,88,14,17,3,5
random,quadrant,45,true,90,17,16,5,4
random,quadrant,46,true,90,17,15,5,4
random,quadrant,47,true,96,17,16,5,4
random,quadrant,48,true,93,17,15,5,3
random,quadrant,49,false,88,15,17,3,5
random,quadrant,50,true,84,17,16,5,4
random,quadrant,51,true,96,17,16,5,4
random,quadrant,52,true,97,17,16,5,4
random,quadrant,53,false,97,16,17,4,5
random,quadrant,54,false,87,14,17,2,5
random,quadrant,55,false,99,16,17,4,5
random,quadrant,56,true,97,17,16,5,4
random,quadrant,57,true,98,17,16,5,4
random,quadrant,58,true,96,17,15,5,3
random,quadrant,59,true,96,17,16,5,4
random,quadrant,60,true,96,17,15,5,4
random,quadrant,61,false,94,15,17,3,5
random,quadrant,62,true,96,17,15,5,3
random,quadrant,63,true,95,17,16,5,4
random,quadrant,64,true,89,17,13,5,2
random,quadrant,65,true,97,17,16,5,4
random,quadrant,66,true,89,17,15,5,3
random,quadrant,67,false,95,16,17,4,5
random,quadrant,68,true,98,17,16,5,4
random,quadrant,69,false,91,16,17,4,5
random,quadrant,70,true,91,17,15,5,3
random,quadrant,71,false,97,16,17,4,5
random,quadrant,72,false,96,16,17,4,5
random,quadrant,73,false,88,15,17,3,5
random,quadrant,74,false,98,16,17,4,5
random,quadrant,75,true,99,17,16,5,4
random,quadrant,76,true,94,17,16,5,4
random,quadrant,77,true,96,17,16,5,4
random,quadrant,78,true,99,17,16,5,4
random,quadrant,79,true,95,17,16,5,4
random,quadrant,80,false,96,15,17,3,5
random,quadrant,81,false,98,16,17,4,5
random,quadrant,82,true,84,17,12,5,2
random,quadrant,83,false,89,15,17,4,5
random,quadrant,84,true,97,17,15,5,3
random,quadrant,85,true,91,17,15,5,4
random,quadrant,86,false,96,16,17,4,5
random,quadrant,87,true,91,17,14,5,2
random,quadrant,88,true,93,17,16,5,4
random,quadrant,89,true,90,17,15,5,3
random,quadrant,90,false,96,16,17,4,5
random,quadrant,91,true,89,17,15,5,3
random,quadrant,92,true,100,17,16,5,4
random,quadrant,93,false,91,15,17,4,5
random,quadrant,94,false,98,16,17,4,5
random,quadrant,95,false,88,13,17,2,5
random,quadrant,96,false,98,16,17,4,5
random,quadrant,97,false,96,16,17,4,5
random,quadrant,98,false,97,16,17,4,5
random,quadrant,99,false,92,15,17,4,5
random,dense_center,0,false,97,16,17,4,5
random,dense_center,1,false,98,16,17,4,5
random,dense_center,2,true,93,17,15,5,3
random,dense_center,3,true,95,17,16,5,4
random,dense_center,4,true,86,17,16,5,4
random,dense_center,5,false,94,16,17,4,5
random,dense_center,6,true,93,17,16,5,4
random,dense_center,7,false,94,16,17,4,5
random,dense_center,8,true,93,17,16,5,4
random,dense_center,9,true,91,17,14,5,2
random,dense_center,10,true,99,17,16,5,4
random,dense_center,11,false,96,16,17,4,5
random,dense_center,12,false,92,15,17,3,5
random,dense_center,13,false,85,13,17,2,5
random,dense_center,14,true,92,17,16,5,4
random,dense_center,15,false,95,16,17,4,5
random,dense_center,16,false,93,14,17,2,5
random,dense_center,17,true,98,17,14,5,2
random,dense_center,18,false,89,16,17,4,5
random,dense_center,19,true,99,17,16,5,4
random,dense_center,20,true,91,17,16,5,4
random,dense_center,21,false,87,16,17,4,5
random,dense_center,22,true,98,17,16,5,4
random,dense_center,23,true,95,17,15,5,3
random,dense_center,24,false,96,16,17,4,5
random,dense_center,25,false,95,16,17,4,5
random,dense_center,26,true,93,17,16,5,4
random,dense_center,27,false,98,16,17,4,5
random,dense_center,28,true,93,17,14,5,2
random,dense_center,29,true,98,17,16,5,4
random,dense_center,30,false,93,16,17,4,5
random,dense_center,31,false,95,16,17,4,5
random,dense_center,32,true,94,17,16,5,4
random,dense_center,33,true,85,17,15,5,3
random,dense_center,34,false,92,16,17,4,5
random,dense_center,35,true,89,17,15,5,3
random,dense_center,36,true,91,17,13,5,1
random,dense_center,37,false,97,16,17,4,5
random,dense_center,38,false,97,15,17,3,5
random,dense_center,39,true,98,17,16,5,4
random,dense_center,40,false,98,16,17,4,5
random,dense_center,41,true,98,17,16,5,4
random,dense_center,42,true,93,17,15,5,3
random,dense_center,43,true,100,17,16,5,4
random,dense_center,44,true,91,17,16,5,4
random,dense_center,45,false,94,16,17,4,5
random,dense_center,46,true,95,17,15,5,3
random,dense_center,47,false,87,15,17,3,5
random,dense_center,48,false,96,16,17,4,5
random,dense_center,49,true,89,17,16,5,4
random,dense_center,50,true,86,17,13,5,2
random,dense_center,51,false,95,15,17,3,5
random,dense_center,52,false,92,16,17,4,5
random,dense_center,53,false,84,13,17,2,5
random,dense_center,54,true,93,17,15,5,3
random,dense_center,55,true,96,17,16,5,4
random,dense_center,56,true,84,17,15,5,3
random,dense_center,57,false,98,16,17,4,5
random,dense_center,58,true,95,17,16,5,4
random,dense_center,59,true,86,17,14,5,2
random,dense_center,60,true,99,17,16,5,4
random,dense_center,61,true,93,17,13,5,3
random,dense_center,62,true,91,17,14,5,3
random,dense_center,63,true,90,17,16,5,4
random,dense_center,64,true,77,17,13,5,2
random,dense_center,65,true,92,17,16,5,4
random,dense_center,66,false,93,15,17,3,5
random,dense_center,67,false,85,16,17,4,5
random,dense_center,68,false,89,16,17,4,5
random,dense_center,69,true,94,17,16,5,4
random,dense_center,70,true,89,17,15,5,3
random,dense_center,71,true,77,17,7,5,0
random,dense_center,72,false,90,16,17,4,5
random,dense_center,73,false,78,13,17,2,5
random,dense_center,74,true,97,17,15,5,3
random,dense_center,75,false,98,16,17,4,5
random,dense_center,76,true,95,17,16,5,4
random,dense_center,77,true,85,17,15,5,4
random,dense_center,78,false,90,16,17,4,5
random,dense_center,79,true,84,17,15,5,3
random,dense_center,80,true,95,17,16,5,4
random,dense_center,81,false,85,16,17,4,5
random,dense_center,82,true,98,17,16,5,4
random,dense_center,83,false,98,16,17,4,5
random,dense_center,84,true,95,17,14,5,2
random,dense_center,85,true,81,17,13,5,2
random,dense_center,86,false,98,16,17,4,5
random,dense_center,87,false,87,16,17,4,5
random,dense_center,88,true,96,17,16,5,4
random,dense_center,89,true,95,17,16,5,4
random,dense_center,90,false,84,15,17,3,5
random,dense_center,91,true,92,17,16,5,4
random,dense_center,92,true,92,17,14,5,2
random,dense_center,93,false,96,16,17,4,5
random,dense_center,94,true,94,17,16,5,4
random,dense_center,95,true,95,17,14,5,2
random,dense_center,96,false,99,16,17,4,5
random,dense_center,97,true,95,17,16,5,4
random,dense_center,98,false,95,14,17,3,5
random,dense_center,99,true,100,17,16,5,4
random,diagonal,0,true,98,17,16,5,4
random,diagonal,1,false,96,16,17,4,5
random,diagonal,2,false,88,15,17,3,5
random,diagonal,3,true,92,17,16,5,4
random,diagonal,4,false,84,15,17,3,5
random,diagonal,5,false,90,14,17,2,5
random,diagonal,6,true,99,17,16,5,4
random,diagonal,7,true,99,17,15,5,3
random,diagonal,8,false,89,14,17,3,5
random,diagonal,9,false,96,16,17,4,5
random,diagonal,10,false,94,15,17,3,5
random,diagonal,11,false,81,14,17,2,5
random,diagonal,12,false,88,15,17,3,5
random,diagonal,13,false,94,16,17,4,5
random,diagonal,14,true,97,17,16,5,4
random,diagonal,15,false,87,13,17,2,5
random,diagonal,16,true,95,17,15,5,3
random,diagonal,17,true,90,17,15,5,3
random,diagonal,18,true,97,17,16,5,4
random,diagonal,19,true,87,17,16,5,4
random,diagonal,20,true,91,17,15,5,3
random,diagonal,21,true,98,17,16,5,4
random,diagonal,22,false,91,15,17,3,5
random,diagonal,23,false,81,13,17,1,5
random,diagonal,24,false,93,15,17,3,5
random,diagonal,25,true,69,17,10,5,1
random,diagonal,26,true,93,17,15,5,3
random,diagonal,27,true,90,17,14,5,2
random,diagonal,28,true,96,17,15,5,3
random,diagonal,29,false,96,16,17,4,5
random,diagonal,30,false,96,16,17,4,5
random,diagonal,31,true,89,17,14,5,3
random,diagonal,32,false,93,16,17,4,5
random,diagonal,33,true,95,17,16,5,4
random,diagonal,34,true,90,17,15,5,4
random,diagonal,35,true,98,17,15,5,3
random,diagonal,36,true,98,17,16,5,4
random,diagonal,37,false,85,13,17,1,5
random,diagonal,38,true,94,17,14,5,2
random,diagonal,39,false,91,16,17,4,5
random,diagonal,40,false,91,15,17,4,5
random,diagonal,41,true,91,17,15,5,3
random,diagonal,42,false,83,13,17,3,5
random,diagonal,43,true,90,17,16,5,4
random,diagonal,44,true,96,17,16,5,4
random,diagonal,45,false,97,16,17,4,5
random,diagonal,46,false,84,12,17,2,5
random,diagonal,47,true,95,17,16,5,4
random,diagonal,48,true,96,17,16,5,4
random,diagonal,49,true,94,17,14,5,3
random,diagonal,50,false,95,16,17,4,5
random,diagonal,51,true,96,17,15,5,3
random,diagonal,52,true,97,17,15,5,3
random,diagonal,53,false,93,16,17,4,5
random,diagonal,54,true,94,17,16,5,4
random,diagonal,55,false,97,14,17,3,5
random,diagonal,56,true,88,17,16,5,4
random,diagonal,57,false,90,15,17,4,5
random,diagonal,58,true,92,17,14,5,2
random,diagonal,59,true,95,17,16,5,4
random,diagonal,60,false,89,15,17,3,5
random,diagonal,61,true,93,17,16,5,4
random,diagonal,62,false,94,16,17,4,5
random,diagonal,63,true,89,17,16,5,4
random,diagonal,64,true,98,17,15,5,3
random,diagonal,65,true,96,17,16,5,4
random,diagonal,66,false,88,15,17,3,5
random,diagonal,67,false,96,15,17,3,5
random,diagonal,68,true,86,17,13,5,2
random,diagonal,69,true,94,17,16,5,4
random,diagonal,70,true,100,17,16,5,4
random,diagonal,71,true,89,17,16,5,4
random,diagonal,72,true,98,17,16,5,4
random,diagonal,73,true,100,17,16,5,4
random,diagonal,74,true,96,17,16,5,4
random,diagonal,75,false,97,16,17,4,5
random,diagonal,76,false,92,15,17,3,5
random,diagonal,77,false,98,16,17,4,5
random,diagonal,78,true,94,17,15,5,3
random,diagonal,79,true,86,17,14,5,2
random,diagonal,80,true,99,17,16,5,4
random,diagonal,81,false,97,16,17,4,5
random,diagonal,82,true,86,17,13,5,2
random,diagonal,83,true,96,17,16,5,4
random,diagonal,84,false,89,14,17,2,5
random,diagonal,85,true,95,17,15,5,3
random,diagonal,86,false,98,16,17,4,5
random,diagonal,87,false,98,16,17,4,5
random,diagonal,88,true,95,17,16,5,4
random,diagonal,89,true,96,17,16,5,4
random,diagonal,90,false,90,15,17,3,5
random,diagonal,91,true,92,17,14,5,2
random,diagonal,92,true,89,17,14,5,2
random,diagonal,93,false,86,15,17,3,5
random,diagonal,94,true,94,17,15,5,3
random,diagonal,95,true,93,17,16,5,4
random,diagonal,96,true,94,17,16,5,4
random,diagonal,97,true,98,17,16,5,4
random,diagonal,98,true,95,17,16,5,4
random,diagonal,99,true,93,17,16,5,4
hunt,random,0,true,51,17,6,5,0
hunt,random,1,true,54,17,12,5,2
hunt,random,2,true,64,17,12,5,1
hunt,random,3,true,62,17,10,5,1
hunt,random,4,true,60,17,9,5,0
hunt,random,5,true,64,17,12,5,1
hunt,random,6,true,39,17,6,5,0
hunt,random,7,true,61,17,11,5,1
hunt,random,8,true,38,17,7,5,0
hunt,random,9,true,51,17,9,5,0
hunt,random,10,true,50,17,9,5,0
hunt,random,11,true,65,17,9,5,1
hunt,random,12,true,57,17,11,5,2
hunt,random,13,true,41,17,9,5,0
hunt,random,14,true,49,17,5,5,0
hunt,random,15,true,45,17,8,5,1
hunt,random,16,true,58,17,10,5,2
hunt,random,17,true,43,17,4,5,0
hunt,random,18,true,65,17,11,5,0
hunt,random,19,true,55,17,10,5,1
hunt,random,20,true,60,17,9,5,0
hunt,random,21,true,65,17,13,5,1
hunt,random,22,true,43,17,4,5,0
hunt,random,23,true,55,17,8,5,0
hunt,random,24,true,47,17,10,5,1
hunt,random,25,true,49,17,9,5,1
hunt,random,26,true,64,17,8,5,0
hunt,random,27,true,51,17,11,5,1
hunt,random,28,true,50,17,8,5,0
hunt,random,29,true,43,17,6,5,0
hunt,random,30,true,47,17,11,5,1
hunt,random,31,true,36,17,2,5,0
hunt,random,32,true,58,17,8,5,0
hunt,random,33,true,40,17,5,5,0
hunt,random,34,true,66,17,11,5,1
hunt,random,35,true,51,17,6,5,0
hunt,random,36,true,53,17,7,5,0
hunt,random,37,true,63,17,13,5,3
hunt,random,38,true,56,17,10,5,1
hunt,random,39,true,38,17,9,5,0
hunt,random,40,true,64,17,10,5,1
hunt,random,41,true,57,17,10,5,0
hunt,random,42,true,67,17,10,5,1
hunt,random,43,true,63,17,11,5,1
hunt,random,44,true,62,17,11,5,0
hunt,random,45,true,61,17,9,5,1
hunt,random,46,true,67,17,10,5,1
hunt,random,47,true,70,17,9,5,0
hunt,random,48,true,50,17,11,5,1
hunt,random,49,true,59,17,10,5,2
hunt,random,50,true,53,17,5,5,0
hunt,random,51,true,52,17,7,5,1
hunt,random,52,true,59,17,8,5,0
hunt,random,53,true,53,17,11,5,1
hunt,random,54,true,51,17,8,5,1
hunt,random,55,true,70,17,12,5,1
hunt,random,56,true,65,17,11,5,2
hunt,random,57,true,53,17,8,5,1
hunt,random,58,true,53,17,6,5,0
hunt,random,59,true,62,17,10,5,0
hunt,random,60,true,53,17,8,5,1
hunt,random,61,true,52,17,9,5,0
hunt,random,62,true,65,17,11,5,0
hunt,random,63,true,43,17,7,5,0
hunt,random,64,true,56,17,10,5,1
hunt,random,65,true,61,17,12,5,1
hunt,random,66,true,61,17,10,5,2
hunt,random,67,true,58,17,7,5,1
hunt,random,68,true,50,17,5,5,0
hunt,random,69,true,55,17,10,5,1
hunt,random,70,true,67,17,8,5,0
hunt,random,71,true,64,17,10,5,1
hunt,random,72,true,47,17,5,5,1
hunt,random,73,true,62,17,13,5,2
hunt,random,74,true,61,17,10,5,0
hunt,random,75,true,71,17,11,5,2
hunt,random,76,true,41,17,4,5,0
hunt,random,77,true,53,17,12,5,1
hunt,random,78,true,59,17,11,5,1
hunt,random,79,true,57,17,9,5,1
hunt,random,80,true,55,17,9,5,0
hunt,random,81,true,53,17,6,5,0
hunt,random,82,true,62,17,12,5,1
hunt,random,83,true,61,17,9,5,0
hunt,random,84,true,59,17,11,5,1
hunt,random,85,true,65,17,8,5,1
hunt,random,86,true,68,17,8,5,0
hunt,random,87,true,64,17,11,5,2
hunt,random,88,true,38,17,8,5,0
hunt,random,89,true,68,17,13,5,2
hunt,random,90,true,50,17,7,5,0
hunt,random,91,true,51,17,9,5,1
hunt,random,92,true,61,17,13,5,3
hunt,random,93,true,54,17,8,5,0
hunt,random,94,true,53,17,6,5,0
hunt,random,95,true,55,17,6,5,0
hunt,random,96,true,65,17,8,5,0
hunt,random,97,true,61,17,11,5,2
hunt,random,98,true,69,17,13,5,1
hunt,random,99,true,67,17,10,5,1
hunt,gaussian,0,true,69,17,12,5,2
hunt,gaussian,1,true,52,17,8,5,0
hunt,gaussian,2,true,50,17,9,5,0
hunt,gaussian,3,true,39,17,7,5,0
hunt,gaussian,4,true,54,17,13,5,3
hunt,gaussian,5,true,66,17,8,5,2
hunt,gaussian,6,true,63,17,11,5,2
hunt,gaussian,7,true,50,17,10,5,0
hunt,gaussian,8,true,37,17,5,5,1
hunt,gaussian,9,true,56,17,10,5,1
hunt,gaussian,10,true,47,17,8,5,0
hunt,gaussian,11,true,60,17,12,5,1
hunt,gaussian,12,true,54,17,11,5,2
hunt,gaussian,13,true,69,17,8,5,0
hunt,gaussian,14,true,57,17,9,5,0
hunt,gaussian,15,true,49,17,8,5,1
hunt,gaussian,16,true,59,17,10,5,1
hunt,gaussian,17,true,42,17,10,5,2
hunt,gaussian,18,true,58,17,9,5,1
hunt,gaussian,19,true,56,17,11,5,1
hunt,gaussian,20,true,65,17,9,5,1
hunt,gaussian,21,true,55,17,9,5,0
hunt,gaussian,22,true,63,17,9,5,1
hunt,gaussian,23,true,56,17,10,5,0
hunt,gaussian,24,true,35,17,6,5,0
hunt,gaussian,25,true,49,17,9,5,1
hunt,gaussian,26,true,54,17,8,5,0
hunt,gaussian,27,true,67,17,10,5,1
hunt,gaussian,28,true,61,17,8,5,1
hunt,gaussian,29,true,47,17,8,5,1
hunt,gaussian,30,true,64,17,11,5,2
hunt,gaussian,31,true,51,17,10,5,1
hunt,gaussian,32,true,69,17,13,5,2
hunt,gaussian,33,true,66,17,10,5,1
hunt,gaussian,34,true,67,17,11,5,2
hunt,gaussian,35,true,54,17,9,5,1
hunt,gaussian,36,true,55,17,11,5,0
hunt,gaussian,37,true,52,17,8,5,1
hunt,gaussian,38,true,43,17,7,5,0
hunt,gaussian,39,true,64,17,10,5,1
hunt,gaussian,40,true,69,17,11,5,1
hunt,gaussian,41,true,30,17,6,5,0
hunt,gaussian,42,true,48,17,11,5,1
hunt,gaussian,43,true,57,17,8,5,2
hunt,gaussian,44,true,57,17,9,5,1
hunt,gaussian,45,true,62,17,9,5,0
hunt,gaussian,46,true,50,17,9,5,1
hunt,gaussian,47,true,56,17,12,5,2
hunt,gaussian,48,true,42,17,9,5,0
hunt,gaussian,49,true,63,17,10,5,0
hunt,gaussian,50,true,52,17,8,5,0
hunt,gaussian,51,true,69,17,14,5,2
hunt,gaussian,52,true,67,17,13,5,2
hunt,gaussian,53,true,50,17,10,5,1
hunt,gaussian,54,true,50,17,11,5,0
hunt,gaussian,55,true,41,17,8,5,1
hunt,gaussian,56,true,43,17,10,5,0
hunt,gaussian,57,true,36,17,7,5,1
hunt,gaussian,58,true,46,17,8,5,1
hunt,gaussian,59,true,66,17,16,5,4
hunt,gaussian,60,true,66,17,12,5,2
hunt,gaussian,61,true,39,17,6,5,0
hunt,gaussian,62,true,59,17,10,5,0
hunt,gaussian,63,true,62,17,12,5,1
hunt,gaussian,64,true,68,17,11,5,2
hunt,gaussian,65,true,49,17,7,5,0
hunt,gaussian,66,true,69,17,12,5,0
hunt,gaussian,67,true,58,17,13,5,2
hunt,gaussian,68,true,57,17,8,5,1
hunt,gaussian,69,true,62,17,12,5,2
hunt,gaussian,70,true,48,17,8,5,1
hunt,gaussian,71,true,46,17,9,5,1
hunt,gaussian,72,true,54,17,10,5,0
hunt,gaussian,73,true,67,17,11,5,1
hunt,gaussian,74,true,50,17,8,5,1
hunt,gaussian,75,true,60,17,11,5,2
hunt,gaussian,76,true,62,17,11,5,1
hunt,gaussian,77,true,41,17,10,5,1
hunt,gaussian,78,true,49,17,7,5,1
hunt,gaussian,79,true,61,17,9,5,1
hunt,gaussian,80,true,59,17,13,5,2
hunt,gaussian,81,true,50,17,7,5,0
hunt,gaussian,82,true,47,17,7,5,0
hunt,gaussian,83,true,69,17,12,5,2
hunt,gaussian,84,true,43,17,5,5,0
hunt,gaussian,85,true,62,17,8,5,0
hunt,gaussian,86,true,57,17,12,5,2
hunt,gaussian,87,true,60,17,8,5,0
hunt,gaussian,88,true,34,17,4,5,0
hunt,gaussian,89,true,46,17,9,5,0
hunt,gaussian,90,true,45,17,8,5,0
hunt,gaussian,91,true,49,17,7,5,1
hunt,gaussian,92,true,64,17,10,5,1
hunt,gaussian,93,true,48,17,9,5,0
hunt,gaussian,94,true,33,17,8,5,1
hunt,gaussian,95,true,64,17,9,5,2
hunt,gaussian,96,true,57,17,9,5,1
hunt,gaussian,97,true,50,17,6,5,0
hunt,gaussian,98,true,63,17,12,5,1
hunt,gaussian,99,true,49,17,4,5,0
hunt,spread,0,true,46,17,11,5,1
hunt,spread,1,true,52,17,7,5,0
hunt,spread,2,true,52,17,11,5,0
hunt,spread,3,true,67,17,12,5,1
hunt,spread,4,true,55,17,8,5,1
hunt,spread,5,true,62,17,11,5,0
hunt,spread,6,true,51,17,11,5,1
hunt,spread,7,true,61,17,15,5,3
hunt,spread,8,true,65,17,12,5,2
hunt,spread,9,true,62,17,12,5,1
hunt,spread,10,true,52,17,7,5,0
hunt,spread,11,true,53,17,7,5,0
hunt,spread,12,true,68,17,12,5,2
hunt,spread,13,true,59,17,11,5,1
hunt,spread,14,true,66,17,11,5,1
hunt,spread,15,true,70,17,12,5,2
hunt,spread,16,true,66,17,11,5,0
hunt,spread,17,true,54,17,10,5,1
hunt,spread,18,true,67,17,12,5,2
hunt,spread,19,true,51,17,7,5,1
hunt,spread,20,true,66,17,10,5,1
hunt,spread,21,true,54,17,8,5,0
hunt,spread,22,true,53,17,9,5,0
hunt,spread,23,true,55,17,10,5,2
hunt,spread,24,true,53,17,6,5,0
hunt,spread,25,true,65,17,11,5,1
hunt,spread,26,true,69,17,10,5,1
hunt,spread,27,true,55,17,8,5,1
hunt,spread,28,true,69,17,8,5,0
hunt,spread,29,true,59,17,9,5,1
hunt,spread,30,true,68,17,11,5,1
hunt,spread,31,true,57,17,12,5,3
hunt,spread,32,true,71,17,10,5,1
hunt,spread,33,true,42,17,7,5,0
hunt,spread,34,true,40,17,5,5,0
hunt,spread,35,true,61,17,8,5,1
hunt,spread,36,true,58,17,13,5,1
hunt,spread,37,true,57,17,10,5,1
hunt,spread,38,true,53,17,8,5,1
hunt,spread,39,true,52,17,7,5,2
hunt,spread,40,true,62,17,9,5,1
hunt,spread,41,true,59,17,11,5,1
hunt,spread,42,true,52,17,11,5,0
hunt,spread,43,true,64,17,11,5,2
hunt,spread,44,true,60,17,10,5,1
hunt,spread,45,true,65,17,8,5,0
hunt,spread,46,true,61,17,10,5,1
hunt,spread,47,true,49,17,8,5,1
hunt,spread,48,true,68,17,11,5,1
hunt,spread,49,true,70,17,7,5,0
hunt,spread,50,true,58,17,9,5,0
hunt,spread,51,true,62,17,7,5,0
hunt,spread,52,true,63,17,11,5,0
hunt,spread,53,true,47,17,7,5,0
hunt,spread,54,true,45,17,9,5,0
hunt,spread,55,true,49,17,7,5,1
hunt,spread,56,true,60,17,7,5,0
hunt,spread,57,true,58,17,8,5,0
hunt,spread,58,true,59,17,12,5,2
hunt,spread,59,true,48,17,6,5,0
hunt,spread,60,true,54,17,7,5,0
hunt,spread,61,true,63,17,9,5,1
hunt,spread,62,true,48,17,8,5,1
hunt,spread,63,true,66,17,12,5,1
hunt,spread,64,true,58,17,6,5,0
hunt,spread,65,true,66,17,10,5,2
hunt,spread,66,true,54,17,6,5,0
hunt,spread,67,true,60,17,11,5,2
hunt,spread,68,true,65,17,12,5,2
hunt,spread,69,true,63,17,12,5,2
hunt,spread,70,true,58,17,11,5,0
hunt,spread,71,true,60,17,11,5,1
hunt,spread,72,true,44,17,9,5,0
hunt,spread,73,true,54,17,8,5,0
hunt,spread,74,true,61,17,11,5,1
hunt,spread,75,true,58,17,10,5,1
hunt,spread,76,true,61,17,10,5,1
hunt,spread,77,true,47,17,6,5,0
hunt,spread,78,true,48,17,6,5,0
hunt,spread,79,true,53,17,10,5,0
hunt,spread,80,true,65,17,11,5,1
hunt,spread,81,true,50,17,8,5,1
hunt,spread,82,true,51,17,9,5,1
hunt,spread,83,true,56,17,9,5,1
hunt,spread,84,true,63,17,15,5,3
hunt,spread,85,true,58,17,9,5,0
hunt,spread,86,true,66,17,12,5,1
hunt,spread,87,true,64,17,9,5,1
hunt,spread,88,true,60,17,10,5,0
hunt,spread,89,true,53,17,12,5,1
hunt,spread,90,true,62,17,11,5,1
hunt,spread,91,true,62,17,11,5,1
hunt,spread,92,true,47,17,6,5,0
hunt,spread,93,true,67,17,12,5,1
hunt,spread,94,true,64,17,11,5,1
hunt,spread,95,true,53,17,5,5,0
hunt,spread,96,true,56,17,10,5,1
hunt,spread,97,true,54,17,11,5,1
hunt,spread,98,true,48,17,9,5,1
hunt,spread,99,true,49,17,8,5,1
hunt,edges,0,true,54,17,8,5,0
hunt,edges,1,true,56,17,11,5,0
hunt,edges,2,true,66,17,13,5,2
hunt,edges,3,true,56,17,11,5,0
hunt,edges,4,true,46,17,9,5,0
hunt,edges,5,true,60,17,10,5,0
hunt,edges,6,true,65,17,14,5,3
hunt,edges,7,true,38,17,9,5,1
hunt,edges,8,true,55,17,8,5,2
hunt,edges,9,true,61,17,7,5,1
hunt,edges,10,true,46,17,8,5,1
hunt,edges,11,true,43,17,5,5,0
hunt,edges,12,true,62,17,8,5,0
hunt,edges,13,true,65,17,7,5,0
hunt,edges,14,true,58,17,10,5,2
hunt,edges,15,true,53,17,10,5,1
hunt,edges,16,true,52,17,8,5,0
hunt,edges,17,true,54,17,10,5,1
hunt,edges,18,true,63,17,12,5,2
hunt,edges,19,true,56,17,6,5,0
hunt,edges,20,true,57,17,11,5,2
hunt,edges,21,true,32,17,5,5,0
hunt,edges,22,true,61,17,11,5,1
hunt,edges,23,true,45,17,8,5,0
hunt,edges,24,true,63,17,8,5,1
hunt,edges,25,true,41,17,7,5,0
hunt,edges,26,true,57,17,11,5,2
hunt,edges,27,true,39,17,4,5,0
hunt,edges,28,true,59,17,12,5,2
hunt,edges,29,true,53,17,11,5,3
hunt,edges,30,true,48,17,6,5,0
hunt,edges,31,true,54,17,14,5,3
hunt,edges,32,true,44,17,8,5,0
hunt,edges,33,true,67,17,13,5,1
hunt,edges,34,true,30,17,4,5,0
hunt,edges,35,true,54,17,8,5,0
hunt,edges,36,true,64,17,11,5,0
hunt,edges,37,true,49,17,9,5,1
hunt,edges,38,true,55,17,13,5,2
hunt,edges,39,true,52,17,9,5,0
hunt,edges,40,true,60,17,10,5,0
hunt,edges,41,true,53,17,9,5,0
hunt,edges,42,true,55,17,9,5,1
hunt,edges,43,true,47,17,8,5,1
hunt,edges,44,true,56,17,10,5,1
hunt,edges,45,true,64,17,10,5,0
hunt,edges,46,true,61,17,7,5,0
hunt,edges,47,true,55,17,10,5,1
hunt,edges,48,true,53,17,4,5,0
hunt,edges,49,true,49,17,7,5,1
hunt,edges,50,true,39,17,7,5,0
hunt,edges,51,true,57,17,5,5,0
hunt,edges,52,true,53,17,14,5,2
hunt,edges,53,true,53,17,14,5,3
hunt,edges,54,true,59,17,13,5,3
hunt,edges,55,true,62,17,9,5,1
hunt,edges,56,true,58,17,11,5,0
hunt,edges,57,true,63,17,10,5,1
hunt,edges,58,true,46,17,6,5,0
hunt,edges,59,true,57,17,8,5,1
hunt,edges,60,true,57,17,9,5,0
hunt,edges,61,true,66,17,12,5,2
hunt,edges,62,true,58,17,10,5,1
hunt,edges,63,true,66,17,8,5,0
hunt,edges,64,true,58,17,5,5,0
hunt,edges,65,true,43,17,2,5,0
hunt,edges,66,true,59,17,10,5,1
hunt,edges,67,true,47,17,6,5,0
hunt,edges,68,true,64,17,13,5,1
hunt,edges,69,true,54,17,8,5,1
hunt,edges,70,true,53,17,7,5,0
hunt,edges,71,true,44,17,7,5,0
hunt,edges,72,true,66,17,14,5,2
hunt,edges,73,true,54,17,9,5,2
hunt,edges,74,true,53,17,10,5,2
hunt,edges,75,true,39,17,4,5,0
hunt,edges,76,true,33,17,5,5,0
hunt,edges,77,true,53,17,10,5,1
hunt,edges,78,true,29,17,7,5,0
hunt,edges,79,true,59,17,9,5,1
hunt,edges,80,true,53,17,11,5,1
hunt,edges,81,true,46,17,9,5,0
hunt,edges,82,true,62,17,13,5,2
hunt,edges,83,true,68,17,11,5,1
hunt,edges,84,true,61,17,11,5,1
hunt,edges,85,true,57,17,8,5,0
hunt,edges,86,true,60,17,8,5,2
hunt,edges,87,true,63,17,10,5,1
hunt,edges,88,true,63,17,8,5,2
hunt,edges,89,true,63,17,11,5,1
hunt,edges,90,true,59,17,10,5,0
hunt,edges,91,true,52,17,7,5,0
hunt,edges,92,true,60,17,10,5,2
hunt,edges,93,true,61,17,10,5,0
hunt,edges,94,true,60,17,10,5,2
hunt,edges,95,true,51,17,10,5,1
hunt,edges,96,true,62,17,7,5,1
hunt,edges,97,true,54,17,12,5,1
hunt,edges,98,true,45,17,4,5,0
hunt,edges,99,true,58,17,12,5,2
hunt,corners,0,true,52,17,9,5,0
hunt,corners,1,true,44,17,6,5,0
hunt,corners,2,true,66,17,10,5,2
hunt,corners,3,true,39,17,6,5,0
hunt,corners,4,true,58,17,11,5,1
hunt,corners,5,true,48,17,8,5,1
hunt,corners,6,true,44,17,7,5,0
hunt,corners,7,true,48,17,6,5,0
hunt,corners,8,true,65,17,10,5,0
hunt,corners,9,true,53,17,9,5,1
hunt,corners,10,true,53,17,10,5,1
hunt,corners,11,true,66,17,7,5,0
hunt,corners,12,true,49,17,8,5,0
hunt,corners,13,true,49,17,6,5,0
hunt,corners,14,true,59,17,11,5,1
hunt,corners,15,true,44,17,11,5,0
hunt,corners,16,true,62,17,11,5,1
hunt,corners,17,true,66,17,12,5,1
hunt,corners,18,true,55,17,7,5,0
hunt,corners,19,true,58,17,10,5,1
hunt,corners,20,true,54,17,9,5,1
hunt,corners,21,true,41,17,7,5,0
hunt,corners,22,true,46,17,10,5,1
hunt,corners,23,true,63,17,10,5,1
hunt,corners,24,true,49,17,10,5,0
hunt,corners,25,true,43,17,8,5,0
hunt,corners,26,true,58,17,9,5,0
hunt,corners,27,true,56,17,9,5,2
hunt,corners,28,true,54,17,11,5,3
hunt,corners,29,true,50,17,10,5,1
hunt,corners,30,true,62,17,7,5,1
hunt,corners,31,true,56,17,5,5,0
hunt,corners,32,true,60,17,12,5,2
hunt,corners,33,true,54,17,8,5,0
hunt,corners,34,true,50,17,9,5,1
hunt,corners,35,true,54,17,9,5,0
hunt,corners,36,true,60,17,11,5,1
hunt,corners,37,true,41,17,11,5,2
hunt,corners,38,true,58,17,8,5,0
hunt,corners,39,true,63,17,13,5,2
hunt,corners,40,true,36,17,7,5,1
hunt,corners,41,true,41,17,7,5,1
hunt,corners,42,true,59,17,6,5,1
hunt,corners,43,true,64,17,13,5,2
hunt,corners,44,true,63,17,10,5,1
hunt,corners,45,true,61,17,10,5,1
hunt,corners,46,true,45,17,9,5,1
hunt,corners,47,true,47,17,7,5,0
hunt,corners,48,true,56,17,8,5,0
hunt,corners,49,true,61,17,10,5,0
hunt,corners,50,true,60,17,9,5,1
hunt,corners,51,true,56,17,9,5,0
hunt,corners,52,true,43,17,8,5,0
hunt,corners,53,true,42,17,5,5,0
hunt,corners,54,true,42,17,5,5,1
hunt,corners,55,true,64,17,13,5,1
hunt,corners,56,true,54,17,11,5,0
hunt,corners,57,true,50,17,10,5,0
hunt,corners,58,true,61,17,9,5,0
hunt,corners,59,true,64,17,9,5,1
hunt,corners,60,true,66,17,14,5,2
hunt,corners,61,true,29,17,7,5,1
hunt,corners,62,true,42,17,8,5,2
hunt,corners,63,true,68,17,14,5,2
hunt,corners,64,true,62,17,12,5,0
hunt,corners,65,true,58,17,5,5,0
hunt,corners,66,true,58,17,8,5,0
hunt,corners,67,true,40,17,7,5,0
hunt,corners,68,true,46,17,6,5,0
hunt,corners,69,true,54,17,8,5,1
hunt,corners,70,true,64,17,7,5,0
hunt,corners,71,true,50,17,12,5,1
hunt,corners,72,true,42,17,7,5,0
hunt,corners,73,true,55,17,12,5,2
hunt,corners,74,true,47,17,6,5,0
hunt,corners,75,true,52,17,7,5,1
hunt,corners,76,true,46,17,6,5,0
hunt,corners,77,true,61,17,11,5,2
hunt,corners,78,true,59,17,11,5,1
hunt,corners,79,true,64,17,12,5,1
hunt,corners,80,true,38,17,6,5,0
hunt,corners,81,true,33,17,6,5,1
hunt,corners,82,true,52,17,7,5,1
hunt,corners,83,true,61,17,11,5,1
hunt,corners,84,true,68,17,9,5,1
hunt,corners,85,true,40,17,3,5,0
hunt,corners,86,true,38,17,5,5,0
hunt,corners,87,true,48,17,5,5,0
hunt,corners,88,true,45,17,7,5,0
hunt,corners,89,true,49,17,5,5,0
hunt,corners,90,true,49,17,11,5,2
hunt,corners,91,true,52,17,10,5,1
hunt,corners,92,true,56,17,12,5,2
hunt,corners,93,true,39,17,5,5,1
hunt,corners,94,true,64,17,10,5,2
hunt,corners,95,true,57,17,8,5,0
hunt,corners,96,true,53,17,7,5,0
hunt,corners,97,true,63,17,11,5,2
hunt,corners,98,true,48,17,8,5,1
hunt,corners,99,true,61,17,10,5,1
hunt,clustered,0,true,62,17,7,5,0
hunt,clustered,1,true,41,17,6,5,0
hunt,clustered,2,true,31,17,5,5,0
hunt,clustered,3,true,42,17,6,5,0
hunt,clustered,4,true,32,17,5,5,0
hunt,clustered,5,true,38,17,6,5,0
hunt,clustered,6,true,63,17,12,5,1
hunt,clustered,7,true,55,17,8,5,0
hunt,clustered,8,true,39,17,4,5,0
hunt,clustered,9,true,31,17,5,5,0
hunt,clustered,10,true,62,17,11,5,2
hunt,clustered,11,true,56,17,13,5,2
hunt,clustered,12,true,46,17,7,5,0
hunt,clustered,13,true,46,17,8,5,1
hunt,clustered,14,true,45,17,4,5,0
hunt,clustered,15,true,55,17,10,5,0
hunt,clustered,16,true,45,17,7,5,0
hunt,clustered,17,true,69,17,11,5,0
hunt,clustered,18,true,50,17,7,5,0
hunt,clustered,19,true,53,17,10,5,1
hunt,clustered,20,true,64,17,9,5,0
hunt,clustered,21,true,37,17,6,5,0
hunt,clustered,22,true,42,17,8,5,0
hunt,clustered,23,true,24,17,2,5,0
hunt,clustered,24,true,53,17,8,5,1
hunt,clustered,25,true,59,17,11,5,0
hunt,clustered,26,true,45,17,6,5,0
hunt,clustered,27,true,63,17,11,5,2
hunt,clustered,28,true,37,17,3,5,0
hunt,clustered,29,true,44,17,10,5,1
hunt,clustered,30,true,56,17,11,5,1
hunt,clustered,31,true,38,17,7,5,0
hunt,clustered,32,true,22,17,5,5,0
hunt,clustered,33,true,58,17,8,5,0
hunt,clustered,34,true,42,17,3,5,0
hunt,clustered,35,true,34,17,4,5,0
hunt,clustered,36,true,38,17,7,5,1
hunt,clustered,37,true,64,17,8,5,0
hunt,clustered,38,true,49,17,8,5,0
hunt,clustered,39,true,50,17,8,5,1
hunt,clustered,40,true,29,17,6,5,0
hunt,clustered,41,true,55,17,9,5,0
hunt,clustered,42,true,42,17,8,5,0
hunt,clustered,43,true,51,17,11,5,1
hunt,clustered,44,true,63,17,11,5,1
hunt,clustered,45,true,55,17,10,5,0
hunt,clustered,46,true,40,17,8,5,0
hunt,clustered,47,true,70,17,10,5,1
hunt,clustered,48,true,32,17,6,5,0
hunt,clustered,49,true,66,17,11,5,1
hunt,clustered,50,true,42,17,9,5,1
hunt,clustered,51,true,29,17,7,5,0
hunt,clustered,52,true,37,17,6,5,0
hunt,clustered,53,true,62,17,11,5,0
hunt,clustered,54,true,60,17,10,5,1
hunt,clustered,55,true,48,17,13,5,2
hunt,clustered,56,true,63,17,10,5,0
hunt,clustered,57,true,55,17,10,5,0
hunt,clustered,58,true,34,17,6,5,1
hunt,clustered,59,true,62,17,9,5,1
hunt,clustered,60,true,55,17,7,5,0
hunt,clustered,61,true,51,17,11,5,1
hunt,clustered,62,true,53,17,9,5,1
hunt,clustered,63,true,38,17,7,5,0
hunt,clustered,64,true,33,17,6,5,0
hunt,clustered,65,true,32,17,3,5,1
hunt,clustered,66,true,44,17,8,5,0
hunt,clustered,67,true,40,17,7,5,1
hunt,clustered,68,true,58,17,9,5,1
hunt,clustered,69,true,39,17,9,5,2
hunt,clustered,70,true,24,17,5,5,1
hunt,clustered,71,true,38,17,8,5,0
hunt,clustered,72,true,52,17,9,5,0
hunt,clustered,73,true,36,17,7,5,0
hunt,clustered,74,true,48,17,9,5,1
hunt,clustered,75,true,62,17,13,5,2
hunt,clustered,76,true,59,17,9,5,0
hunt,clustered,77,true,38,17,7,5,1
hunt,clustered,78,true,30,17,5,5,0
hunt,clustered,79,true,53,17,10,5,0
hunt,clustered,80,true,64,17,10,5,1
hunt,clustered,81,true,35,17,3,5,0
hunt,clustered,82,true,41,17,6,5,0
hunt,clustered,83,true,40,17,5,5,0
hunt,clustered,84,true,64,17,11,5,2
hunt,clustered,85,true,43,17,7,5,0
hunt,clustered,86,true,49,17,9,5,1
hunt,clustered,87,true,34,17,6,5,0
hunt,clustered,88,true,52,17,10,5,0
hunt,clustered,89,true,64,17,8,5,0
hunt,clustered,90,true,48,17,10,5,0
hunt,clustered,91,true,35,17,3,5,0
hunt,clustered,92,true,61,17,9,5,0
hunt,clustered,93,true,50,17,7,5,0
hunt,clustered,94,true,54,17,9,5,1
hunt,clustered,95,true,34,17,5,5,0
hunt,clustered,96,true,61,17,12,5,2
hunt,clustered,97,true,39,17,5,5,0
hunt,clustered,98,true,39,17,6,5,0
hunt,clustered,99,true,61,17,13,5,2
hunt,quadrant,0,true,52,17,9,5,1
hunt,quadrant,1,true,57,17,10,5,1
hunt,quadrant,2,true,47,17,9,5,1
hunt,quadrant,3,true,65,17,13,5,3
hunt,quadrant,4,true,53,17,9,5,0
hunt,quadrant,5,true,59,17,10,5,1
hunt,quadrant,6,true,32,17,5,5,0
hunt,quadrant,7,true,45,17,9,5,1
hunt,quadrant,8,true,58,17,6,5,0
hunt,quadrant,9,true,38,17,9,5,0
hunt,quadrant,10,true,50,17,10,5,1
hunt,quadrant,11,true,28,17,1,5,0
hunt,quadrant,12,true,58,17,9,5,0
hunt,quadrant,13,true,35,17,6,5,0
hunt,quadrant,14,true,61,17,12,5,1
hunt,quadrant,15,true,61,17,10,5,1
hunt,quadrant,16,true,41,17,9,5,1
hunt,quadrant,17,true,57,17,12,5,1
hunt,quadrant,18,true,54,17,15,5,4
hunt,quadrant,19,true,28,17,4,5,0
hunt,quadrant,20,true,47,17,7,5,1
hunt,quadrant,21,true,40,17,5,5,0
hunt,quadrant,22,true,38,17,5,5,0
hunt,quadrant,23,true,31,17,4,5,0
hunt,quadrant,24,true,52,17,7,5,0
hunt,quadrant,25,true,59,17,9,5,0
hunt,quadrant,26,true,65,17,9,5,2
hunt,quadrant,27,true,41,17,9,5,0
hunt,quadrant,28,true,52,17,9,5,1
hunt,quadrant,29,true,25,17,1,5,0
hunt,quadrant,30,true,29,17,3,5,0
hunt,quadrant,31,true,35,17,6,5,0
hunt,quadrant,32,true,28,17,5,5,0
hunt,quadrant,33,true,54,17,8,5,1
hunt,quadrant,34,true,63,17,7,5,1
hunt,quadrant,35,true,33,17,6,5,0
hunt,quadrant,36,true,46,17,8,5,0
hunt,quadrant,37,true,33,17,4,5,0
hunt,quadrant,38,true,61,17,9,5,0
hunt,quadrant,39,true,36,17,5,5,0
hunt,quadrant,40,true,39,17,7,5,1
hunt,quadrant,41,true,35,17,6,5,0
hunt,quadrant,42,true,45,17,8,5,0
hunt,quadrant,43,true,39,17,4,5,0
hunt,quadrant,44,true,39,17,5,5,0
hunt,quadrant,45,true,36,17,7,5,1
hunt,quadrant,46,true,40,17,6,5,1
hunt,quadrant,47,true,36,17,5,5,0
hunt,quadrant,48,true,33,17,6,5,0
hunt,quadrant,49,true,38,17,5,5,0
hunt,quadrant,50,true,42,17,7,5,0
hunt,quadrant,51,true,44,17,6,5,0
hunt,quadrant,52,true,54,17,9,5,1
hunt,quadrant,53,true,39,17,6,5,0
hunt,quadrant,54,true,30,17,6,5,0
hunt,quadrant,55,true,44,17,7,5,1
hunt,quadrant,56,true,59,17,12,5,1
hunt,quadrant,57,true,48,17,8,5,0
hunt,quadrant,58,true,34,17,7,5,0
hunt,quadrant,59,true,51,17,7,5,0
hunt,quadrant,60,true,35,17,5,5,0
hunt,quadrant,61,true,51,17,7,5,0
hunt,quadrant,62,true,42,17,9,5,1
hunt,quadrant,63,true,29,17,2,5,0
hunt,quadrant,64,true,30,17,3,5,0
hunt,quadrant,65,true,50,17,7,5,0
hunt,quadrant,66,true,61,17,9,5,1
hunt,quadrant,67,true,52,17,9,5,1
hunt,quadrant,68,true,35,17,6,5,0
hunt,quadrant,69,true,54,17,10,5,0
hunt,quadrant,70,true,37,17,6,5,1
hunt,quadrant,71,true,30,17,4,5,0
hunt,quadrant,72,true,59,17,11,5,2
hunt,quadrant,73,true,39,17,6,5,0
hunt,quadrant,74,true,46,17,7,5,0
hunt,quadrant,75,true,28,17,2,5,0
hunt,quadrant,76,true,50,17,8,5,0
hunt,quadrant,77,true,66,17,11,5,0
hunt,quadrant,78,true,46,17,7,5,0
hunt,quadrant,79,true,50,17,9,5,1
hunt,quadrant,80,true,57,17,9,5,1
hunt,quadrant,81,true,42,17,6,5,0
hunt,quadrant,82,true,36,17,4,5,0
hunt,quadrant,83,true,53,17,10,5,2
hunt,quadrant,84,true,53,17,8,5,1
hunt,quadrant,85,true,23,17,1,5,0
hunt,quadrant,86,true,56,17,9,5,0
hunt,quadrant,87,true,31,17,6,5,0
hunt,quadrant,88,true,43,17,4,5,0
hunt,quadrant,89,true,55,17,13,5,1
hunt,quadrant,90,true,57,17,11,5,2
hunt,quadrant,91,true,55,17,10,5,2
hunt,quadrant,92,true,64,17,11,5,0
hunt,quadrant,93,true,29,17,7,5,0
hunt,quadrant,94,true,30,17,4,5,0
hunt,quadrant,95,true,49,17,10,5,0
hunt,quadrant,96,true,35,17,5,5,0
hunt,quadrant,97,true,53,17,8,5,1
hunt,quadrant,98,true,68,17,11,5,2
hunt,quadrant,99,true,48,17,5,5,0
hunt,dense_center,0,true,34,17,6,5,0
hunt,dense_center,1,true,40,17,8,5,0
hunt,dense_center,2,true,47,17,6,5,0
hunt,dense_center,3,true,38,17,6,5,0
hunt,dense_center,4,true,44,17,10,5,0
hunt,dense_center,5,true,29,17,6,5,1
hunt,dense_center,6,true,47,17,10,5,1
hunt,dense_center,7,true,29,17,6,5,0
hunt,dense_center,8,true,31,17,7,5,0
hunt,dense_center,9,true,64,17,12,5,1
hunt,dense_center,10,true,50,17,9,5,0
hunt,dense_center,11,true,56,17,7,5,1
hunt,dense_center,12,true,55,17,10,5,2
hunt,dense_center,13,true,59,17,11,5,1
hunt,dense_center,14,true,51,17,8,5,0
hunt,dense_center,15,true,36,17,8,5,0
hunt,dense_center,16,true,31,17,6,5,0
hunt,dense_center,17,true,34,17,4,5,0
hunt,dense_center,18,true,53,17,9,5,1
hunt,dense_center,19,true,54,17,9,5,0
hunt,dense_center,20,true,37,17,5,5,0
hunt,dense_center,21,true,57,17,9,5,1
hunt,dense_center,22,true,56,17,11,5,1
hunt,dense_center,23,true,58,17,12,5,2
hunt,dense_center,24,true,33,17,7,5,0
hunt,dense_center,25,true,27,17,3,5,0
hunt,dense_center,26,true,48,17,9,5,1
hunt,dense_center,27,true,43,17,7,5,0
hunt,dense_center,28,true,33,17,7,5,0
hunt,dense_center,29,true,56,17,12,5,2
hunt,dense_center,30,true,62,17,9,5,0
hunt,dense_center,31,true,48,17,5,5,0
hunt,dense_center,32,true,38,17,6,5,0
hunt,dense_center,33,true,52,17,10,5,0
hunt,dense_center,34,true,34,17,7,5,0
hunt,dense_center,35,true,40,17,8,5,0
hunt,dense_center,36,true,44,17,10,5,0
hunt,dense_center,37,true,35,17,4,5,0
hunt,dense_center,38,true,24,17,6,5,0
hunt,dense_center,39,true,31,17,7,5,0
hunt,dense_center,40,true,35,17,5,5,0
hunt,dense_center,41,true,34,17,8,5,0
hunt,dense_center,42,true,37,17,8,5,0
hunt,dense_center,43,true,51,17,6,5,0
hunt,dense_center,44,true,38,17,7,5,0
hunt,dense_center,45,true,32,17,5,5,0
hunt,dense_center,46,true,34,17,4,5,0
hunt,dense_center,47,true,57,17,9,5,0
hunt,dense_center,48,true,51,17,9,5,0
hunt,dense_center,49,true,47,17,6,5,0
hunt,dense_center,50,true,38,17,8,5,0
hunt,dense_center,51,true,50,17,7,5,0
hunt,dense_center,52,true,31,17,3,5,0
hunt,dense_center,53,true,56,17,12,5,1
hunt,dense_center,54,true,36,17,6,5,1
hunt,dense_center,55,true,36,17,10,5,1
hunt,dense_center,56,true,59,17,8,5,1
hunt,dense_center,57,true,31,17,3,5,0
hunt,dense_center,58,true,43,17,8,5,0
hunt,dense_center,59,true,59,17,8,5,0
hunt,dense_center,60,true,25,17,3,5,0
hunt,dense_center,61,true,43,17,7,5,0
hunt,dense_center,62,true,60,17,12,5,1
hunt,dense_center,63,true,36,17,9,5,0
hunt,dense_center,64,true,34,17,5,5,0
hunt,dense_center,65,true,43,17,8,5,1
hunt,dense_center,66,true,56,17,9,5,1
hunt,dense_center,67,true,36,17,7,5,0
hunt,dense_center,68,true,32,17,8,5,1
hunt,dense_center,69,true,47,17,5,5,0
hunt,dense_center,70,true,41,17,4,5,0
hunt,dense_center,71,true,48,17,8,5,0
hunt,dense_center,72,true,31,17,5,5,0
hunt,dense_center,73,true,62,17,11,5,1
hunt,dense_center,74,true,31,17,3,5,0
hunt,dense_center,75,true,60,17,11,5,0
hunt,dense_center,76,true,41,17,3,5,0
hunt,dense_center,77,true,42,17,5,5,0
hunt,dense_center,78,true,64,17,11,5,0
hunt,dense_center,79,true,53,17,7,5,1
hunt,dense_center,80,true,41,17,8,5,0
hunt,dense_center,81,true,43,17,3,5,0
hunt,dense_center,82,true,31,17,4,5,1
hunt,dense_center,83,true,25,17,5,5,0
hunt,dense_center,84,true,34,17,6,5,0
hunt,dense_center,85,true,48,17,8,5,1
hunt,dense_center,86,true,52,17,6,5,0
hunt,dense_center,87,true,35,17,5,5,0
hunt,dense_center,88,true,40,17,7,5,0
hunt,dense_center,89,true,48,17,7,5,0
hunt,dense_center,90,true,26,17,4,5,0
hunt,dense_center,91,true,29,17,1,5,0
hunt,dense_center,92,true,38,17,11,5,1
hunt,dense_center,93,true,63,17,10,5,1
hunt,dense_center,94,true,39,17,5,5,0
hunt,dense_center,95,true,26,17,4,5,0
hunt,dense_center,96,true,27,17,8,5,1
hunt,dense_center,97,true,48,17,7,5,0
hunt,dense_center,98,true,53,17,8,5,1
hunt,dense_center,99,true,65,17,9,5,1
hunt,diagonal,0,true,49,17,9,5,1
hunt,diagonal,1,true,43,17,5,5,1
hunt,diagonal,2,true,59,17,9,5,0
hunt,diagonal,3,true,59,17,9,5,0
hunt,diagonal,4,true,65,17,9,5,2
hunt,diagonal,5,true,41,17,4,5,0
hunt,diagonal,6,true,46,17,7,5,0
hunt,diagonal,7,true,39,17,5,5,0
hunt,diagonal,8,true,56,17,5,5,0
hunt,diagonal,9,true,66,17,12,5,1
hunt,diagonal,10,true,64,17,12,5,1
hunt,diagonal,11,true,55,17,6,5,0
hunt,diagonal,12,true,70,17,12,5,3
hunt,diagonal,13,true,60,17,13,5,3
hunt,diagonal,14,true,41,17,7,5,1
hunt,diagonal,15,true,69,17,12,5,2
hunt,diagonal,16,true,67,17,11,5,1
hunt,diagonal,17,true,47,17,8,5,1
hunt,diagonal,18,true,36,17,3,5,0
hunt,diagonal,19,true,44,17,7,5,0
hunt,diagonal,20,true,65,17,10,5,1
hunt,diagonal,21,true,50,17,7,5,0
hunt,diagonal,22,true,52,17,11,5,1
hunt,diagonal,23,true,67,17,10,5,1
hunt,diagonal,24,true,68,17,10,5,1
hunt,diagonal,25,true,61,17,11,5,1
hunt,diagonal,26,true,53,17,12,5,1
hunt,diagonal,27,true,52,17,7,5,0
hunt,diagonal,28,true,56,17,7,5,0
hunt,diagonal,29,true,29,17,5,5,0
hunt,diagonal,30,true,68,17,10,5,1
hunt,diagonal,31,true,28,17,5,5,0
hunt,diagonal,32,true,42,17,8,5,1
hunt,diagonal,33,true,49,17,9,5,0
hunt,diagonal,34,true,51,17,10,5,0
hunt,diagonal,35,true,53,17,10,5,0
hunt,diagonal,36,true,61,17,10,5,1
hunt,diagonal,37,true,51,17,8,5,1
hunt,diagonal,38,true,46,17,7,5,0
hunt,diagonal,39,true,40,17,5,5,0
hunt,diagonal,40,true,53,17,6,5,0
hunt,diagonal,41,true,57,17,7,5,0
hunt,diagonal,42,true,66,17,15,5,3
hunt,diagonal,43,true,68,17,14,5,2
hunt,diagonal,44,true,49,17,9,5,1
hunt,diagonal,45,true,52,17,8,5,1
hunt,diagonal,46,true,46,17,4,5,0
hunt,diagonal,47,true,45,17,6,5,0
hunt,diagonal,48,true,39,17,4,5,0
hunt,diagonal,49,true,60,17,8,5,0
hunt,diagonal,50,true,33,17,7,5,0
hunt,diagonal,51,true,57,17,7,5,0
hunt,diagonal,52,true,65,17,11,5,1
hunt,diagonal,53,true,34,17,6,5,0
hunt,diagonal,54,true,63,17,13,5,2
hunt,diagonal,55,true,55,17,5,5,1
hunt,diagonal,56,true,56,17,12,5,2
hunt,diagonal,57,true,67,17,9,5,1
hunt,diagonal,58,true,37,17,5,5,0
hunt,diagonal,59,true,57,17,12,5,1
hunt,diagonal,60,true,35,17,6,5,0
hunt,diagonal,61,true,41,17,7,5,0
hunt,diagonal,62,true,60,17,9,5,1
hunt,diagonal,63,true,62,17,11,5,1
hunt,diagonal,64,true,49,17,10,5,1
hunt,diagonal,65,true,40,17,8,5,0
hunt,diagonal,66,true,64,17,8,5,0
hunt,diagonal,67,true,59,17,11,5,1
hunt,diagonal,68,true,58,17,10,5,1
hunt,diagonal,69,true,55,17,12,5,2
hunt,diagonal,70,true,57,17,10,5,1
hunt,diagonal,71,true,37,17,7,5,0
hunt,diagonal,72,true,61,17,7,5,0
hunt,diagonal,73,true,34,17,5,5,0
hunt,diagonal,74,true,58,17,9,5,1
hunt,diagonal,75,true,29,17,4,5,0
hunt,diagonal,76,true,55,17,11,5,1
hunt,diagonal,77,true,37,17,5,5,0
hunt,diagonal,78,true,43,17,6,5,0
hunt,diagonal,79,true,52,17,8,5,0
hunt,diagonal,80,true,62,17,10,5,0
hunt,diagonal,81,true,41,17,3,5,0
hunt,diagonal,82,true,38,17,6,5,0
hunt,diagonal,83,true,37,17,5,5,0
hunt,diagonal,84,true,53,17,10,5,1
hunt,diagonal,85,true,45,17,6,5,0
hunt,diagonal,86,true,60,17,11,5,2
hunt,diagonal,87,true,44,17,7,5,0
hunt,diagonal,88,true,47,17,8,5,0
hunt,diagonal,89,true,50,17,10,5,0
hunt,diagonal,90,true,55,17,7,5,0
hunt,diagonal,91,true,62,17,8,5,0
hunt,diagonal,92,true,41,17,8,5,1
hunt,diagonal,93,true,40,17,6,5,0
hunt,diagonal,94,true,51,17,2,5,0
hunt,diagonal,95,true,52,17,6,5,1
hunt,diagonal,96,true,52,17,6,5,1
hunt,diagonal,97,true,43,17,10,5,0
hunt,diagonal,98,true,50,17,11,5,2
hunt,diagonal,99,true,46,17,8,5,0
bayes,random,0,true,33,17,2,5,0
bayes,random,1,true,51,17,6,5,0
bayes,random,2,true,52,17,12,5,0
bayes,random,3,true,61,17,12,5,1
bayes,random,4,true,48,17,6,5,0
bayes,random,5,true,43,17,7,5,0
bayes,random,6,true,59,17,10,5,0
bayes,random,7,true,45,17,6,5,0
bayes,random,8,true,56,17,9,5,0
bayes,random,9,true,56,17,8,5,0
bayes,random,10,true,40,17,6,5,0
bayes,random,11,true,38,17,5,5,0
bayes,random,12,true,39,17,3,5,0
bayes,random,13,true,59,17,12,5,3
bayes,random,14,true,61,17,9,5,0
bayes,random,15,true,46,17,8,5,0
bayes,random,16,true,45,17,6,5,0
bayes,random,17,true,47,17,9,5,1
bayes,random,18,true,60,17,10,5,2
bayes,random,19,true,40,17,9,5,0
bayes,random,20,true,48,17,9,5,1
bayes,random,21,true,64,17,10,5,2
bayes,random,22,true,47,17,9,5,1
bayes,random,23,true,73,17,12,5,1
bayes,random,24,true,29,17,6,5,0
bayes,random,25,true,53,17,10,5,1
bayes,random,26,true,41,17,9,5,0
bayes,random,27,true,34,17,4,5,0
bayes,random,28,true,40,17,7,5,0
bayes,random,29,true,72,17,13,5,2
bayes,random,30,true,49,17,6,5,0
bayes,random,31,true,62,17,15,5,3
bayes,random,32,true,48,17,7,5,0
bayes,random,33,true,41,17,10,5,0
bayes,random,34,true,33,17,5,5,0
bayes,random,35,true,35,17,4,5,0
bayes,random,36,true,57,17,8,5,1
bayes,random,37,true,39,17,7,5,0
bayes,random,38,true,66,17,13,5,3
bayes,random,39,true,39,17,9,5,0
bayes,random,40,true,57,17,9,5,0
bayes,random,41,true,49,17,7,5,1
bayes,random,42,true,47,17,7,5,0
bayes,random,43,true,56,17,11,5,1
bayes,random,44,true,61,17,11,5,1
bayes,random,45,true,35,17,1,5,0
bayes,random,46,true,41,17,5,5,0
bayes,random,47,true,48,17,9,5,0
bayes,random,48,true,38,17,6,5,0
bayes,random,49,true,50,17,9,5,0
bayes,random,50,true,40,17,9,5,1
bayes,random,51,true,58,17,10,5,1
bayes,random,52,true,48,17,7,5,1
bayes,random,53,true,51,17,8,5,1
bayes,random,54,true,53,17,12,5,2
bayes,random,55,true,49,17,9,5,0
bayes,random,56,true,45,17,7,5,1
bayes,random,57,true,62,17,13,5,2
bayes,random,58,true,48,17,10,5,2
bayes,random,59,true,43,17,7,5,1
bayes,random,60,true,52,17,8,5,1
bayes,random,61,true,49,17,9,5,2
bayes,random,62,true,40,17,9,5,0
bayes,random,63,true,51,17,7,5,0
bayes,random,64,true,36,17,5,5,0
bayes,random,65,true,34,17,8,5,0
bayes,random,66,true,72,17,10,5,1
bayes,random,67,true,41,17,6,5,1
bayes,random,68,true,59,17,10,5,2
bayes,random,69,true,48,17,9,5,1
bayes,random,70,true,60,17,10,5,1
bayes,random,71,true,38,17,4,5,0
bayes,random,72,true,54,17,10,5,0
bayes,random,73,true,39,17,7,5,0
bayes,random,74,true,40,17,6,5,1
bayes,random,75,true,41,17,7,5,1
bayes,random,76,true,60,17,10,5,1
bayes,random,77,true,47,17,7,5,1
bayes,random,78,true,53,17,9,5,0
bayes,random,79,true,54,17,8,5,0
bayes,random,80,true,48,17,11,5,0
bayes,random,81,true,42,17,7,5,1
bayes,random,82,true,40,17,7,5,0
bayes,random,83,true,43,17,4,5,0
bayes,random,84,true,51,17,9,5,0
bayes,random,85,true,51,17,8,5,0
bayes,random,86,true,44,17,8,5,1
bayes,random,87,true,40,17,6,5,1
bayes,random,88,true,61,17,9,5,1
bayes,random,89,true,42,17,4,5,0
bayes,random,90,true,57,17,9,5,0
bayes,random,91,true,43,17,9,5,2
bayes,random,92,true,57,17,8,5,1
bayes,random,93,true,38,17,4,5,0
bayes,random,94,true,55,17,7,5,0
bayes,random,95,true,60,17,11,5,1
bayes,random,96,true,42,17,8,5,2
bayes,random,97,true,43,17,4,5,0
bayes,random,98,true,32,17,5,5,0
bayes,random,99,true,45,17,6,5,0
bayes,gaussian,0,true,60,17,9,5,2
bayes,gaussian,1,true,46,17,7,5,0
bayes,gaussian,2,true,44,17,7,5,0
bayes,gaussian,3,true,44,17,6,5,0
bayes,gaussian,4,true,54,17,9,5,0
bayes,gaussian,5,true,72,17,12,5,1
bayes,gaussian,6,true,50,17,7,5,0
bayes,gaussian,7,true,36,17,5,5,0
bayes,gaussian,8,true,34,17,8,5,0
bayes,gaussian,9,true,50,17,9,5,0
bayes,gaussian,10,true,49,17,8,5,0
bayes,gaussian,11,true,59,17,10,5,2
bayes,gaussian,12,true,50,17,8,5,0
bayes,gaussian,13,true,64,17,9,5,1
bayes,gaussian,14,true,43,17,10,5,1
bayes,gaussian,15,true,37,17,6,5,1
bayes,gaussian,16,true,48,17,7,5,0
bayes,gaussian,17,true,54,17,8,5,1
bayes,gaussian,18,true,42,17,9,5,2
bayes,gaussian,19,true,36,17,5,5,0
bayes,gaussian,20,true,51,17,8,5,0
bayes,gaussian,21,true,33,17,5,5,0
bayes,gaussian,22,true,51,17,11,5,2
bayes,gaussian,23,true,37,17,7,5,1
bayes,gaussian,24,true,46,17,7,5,0
bayes,gaussian,25,true,55,17,7,5,0
bayes,gaussian,26,true,46,17,7,5,0
bayes,gaussian,27,true,56,17,13,5,1
bayes,gaussian,28,true,53,17,12,5,1
bayes,gaussian,29,true,46,17,6,5,0
bayes,gaussian,30,true,45,17,9,5,1
bayes,gaussian,31,true,60,17,6,5,0
bayes,gaussian,32,true,49,17,7,5,0
bayes,gaussian,33,true,65,17,11,5,2
bayes,gaussian,34,true,51,17,7,5,1
bayes,gaussian,35,true,37,17,6,5,0
bayes,gaussian,36,true,58,17,8,5,0
bayes,gaussian,37,true,43,17,9,5,1
bayes,gaussian,38,true,53,17,6,5,0
bayes,gaussian,39,true,32,17,4,5,0
bayes,gaussian,40,true,42,17,3,5,0
bayes,gaussian,41,true,30,17,7,5,0
bayes,gaussian,42,true,57,17,10,5,1
bayes,gaussian,43,true,52,17,7,5,0
bayes,gaussian,44,true,53,17,9,5,0
bayes,gaussian,45,true,43,17,7,5,0
bayes,gaussian,46,true,37,17,9,5,2
bayes,gaussian,47,true,52,17,11,5,1
bayes,gaussian,48,true,41,17,8,5,1
bayes,gaussian,49,true,49,17,11,5,1
bayes,gaussian,50,true,39,17,8,5,0
bayes,gaussian,51,true,46,17,8,5,2
bayes,gaussian,52,true,50,17,5,5,0
bayes,gaussian,53,true,32,17,5,5,0
bayes,gaussian,54,true,38,17,7,5,0
bayes,gaussian,55,true,51,17,6,5,0
bayes,gaussian,56,true,34,17,7,5,0
bayes,gaussian,57,true,54,17,8,5,0
bayes,gaussian,58,true,48,17,9,5,2
bayes,gaussian,59,true,61,17,13,5,2
bayes,gaussian,60,true,39,17,6,5,0
bayes,gaussian,61,true,40,17,7,5,0
bayes,gaussian,62,true,58,17,10,5,0
bayes,gaussian,63,true,40,17,5,5,0
bayes,gaussian,64,true,57,17,7,5,0
bayes,gaussian,65,true,48,17,6,5,1
bayes,gaussian,66,true,55,17,9,5,0
bayes,gaussian,67,true,61,17,9,5,1
bayes,gaussian,68,true,45,17,7,5,0
bayes,gaussian,69,true,53,17,12,5,1
bayes,gaussian,70,true,44,17,9,5,1
bayes,gaussian,71,true,44,17,8,5,1
bayes,gaussian,72,true,55,17,9,5,0
bayes,gaussian,73,true,47,17,5,5,0
bayes,gaussian,74,true,52,17,7,5,0
bayes,gaussian,75,true,67,17,12,5,2
bayes,gaussian,76,true,55,17,9,5,1
bayes,gaussian,77,true,48,17,6,5,0
bayes,gaussian,78,true,54,17,4,5,0
bayes,gaussian,79,true,47,17,8,5,0
bayes,gaussian,80,true,39,17,6,5,0
bayes,gaussian,81,true,55,17,15,5,3
bayes,gaussian,82,true,44,17,8,5,0
bayes,gaussian,83,true,44,17,9,5,1
bayes,gaussian,84,true,37,17,6,5,1
bayes,gaussian,85,true,36,17,8,5,0
bayes,gaussian,86,true,40,17,9,5,1
bayes,gaussian,87,true,55,17,7,5,0
bayes,gaussian,88,true,50,17,10,5,1
bayes,gaussian,89,true,52,17,10,5,0
bayes,gaussian,90,true,66,17,10,5,1
bayes,gaussian,91,true,65,17,9,5,1
bayes,gaussian,92,true,53,17,9,5,0
bayes,gaussian,93,true,54,17,10,5,1
bayes,gaussian,94,true,65,17,11,5,1
bayes,gaussian,95,true,44,17,6,5,1
bayes,gaussian,96,true,49,17,6,5,1
bayes,gaussian,97,true,55,17,10,5,1
bayes,gaussian,98,true,50,17,8,5,1
bayes,gaussian,99,true,76,17,12,5,0
bayes,spread,0,true,61,17,10,5,1
bayes,spread,1,true,65,17,12,5,1
bayes,spread,2,true,52,17,11,5,0
bayes,spread,3,true,47,17,4,5,0
bayes,spread,4,true,51,17,11,5,0
bayes,spread,5,true,42,17,9,5,0
bayes,spread,6,true,54,17,10,5,1
bayes,spread,7,true,43,17,9,5,1
bayes,spread,8,true,37,17,5,5,1
bayes,spread,9,true,34,17,6,5,1
bayes,spread,10,true,55,17,8,5,0
bayes,spread,11,true,59,17,10,5,1
bayes,spread,12,true,62,17,13,5,2
bayes,spread,13,true,50,17,7,5,0
bayes,spread,14,true,60,17,12,5,2
bayes,spread,15,true,44,17,5,5,0
bayes,spread,16,true,50,17,8,5,0
bayes,spread,17,true,47,17,7,5,0
bayes,spread,18,true,45,17,9,5,0
bayes,spread,19,true,60,17,8,5,0
bayes,spread,20,true,48,17,10,5,1
bayes,spread,21,true,62,17,9,5,0
bayes,spread,22,true,54,17,9,5,1
bayes,spread,23,true,59,17,12,5,1
bayes,spread,24,true,46,17,6,5,0
bayes,spread,25,true,47,17,7,5,0
bayes,spread,26,true,46,17,7,5,1
bayes,spread,27,true,48,17,10,5,1
bayes,spread,28,true,63,17,12,5,2
bayes,spread,29,true,43,17,10,5,1
bayes,spread,30,true,47,17,6,5,0
bayes,spread,31,true,72,17,14,5,3
bayes,spread,32,true,50,17,8,5,0
bayes,spread,33,true,58,17,10,5,1
bayes,spread,34,true,56,17,11,5,1
bayes,spread,35,true,48,17,4,5,0
bayes,spread,36,true,50,17,8,5,0
bayes,spread,37,true,48,17,7,5,1
bayes,spread,38,true,45,17,11,5,2
bayes,spread,39,true,61,17,11,5,2
bayes,spread,40,true,57,17,9,5,0
bayes,spread,41,true,42,17,11,5,1
bayes,spread,42,true,49,17,11,5,1
bayes,spread,43,true,49,17,10,5,1
bayes,spread,44,true,48,17,9,5,1
bayes,spread,45,true,57,17,7,5,0
bayes,spread,46,true,49,17,7,5,0
bayes,spread,47,true,43,17,10,5,1
bayes,spread,48,true,44,17,9,5,1
bayes,spread,49,true,47,17,6,5,1
bayes,spread,50,true,45,17,9,5,1
bayes,spread,51,true,47,17,9,5,0
bayes,spread,52,true,45,17,7,5,1
bayes,spread,53,true,63,17,12,5,1
bayes,spread,54,true,50,17,8,5,1
bayes,spread,55,true,45,17,8,5,1
bayes,spread,56,true,56,17,14,5,2
bayes,spread,57,true,48,17,4,5,0
bayes,spread,58,true,65,17,11,5,1
bayes,spread,59,true,46,17,5,5,0
bayes,spread,60,true,44,17,7,5,0
bayes,spread,61,true,46,17,5,5,0
bayes,spread,62,true,51,17,10,5,1
bayes,spread,63,true,56,17,8,5,1
bayes,spread,64,true,58,17,10,5,0
bayes,spread,65,true,49,17,9,5,1
bayes,spread,66,true,54,17,11,5,1
bayes,spread,67,true,41,17,8,5,0
bayes,spread,68,true,49,17,6,5,0
bayes,spread,69,true,43,17,5,5,0
bayes,spread,70,true,45,17,7,5,0
bayes,spread,71,true,54,17,12,5,2
bayes,spread,72,true,50,17,5,5,0
bayes,spread,73,true,55,17,9,5,0
bayes,spread,74,true,55,17,8,5,1
bayes,spread,75,true,38,17,5,5,0
bayes,spread,76,true,46,17,5,5,0
bayes,spread,77,true,45,17,8,5,0
bayes,spread,78,true,44,17,8,5,1
bayes,spread,79,true,42,17,7,5,1
bayes,spread,80,true,55,17,8,5,0
bayes,spread,81,true,63,17,11,5,2
bayes,spread,82,true,49,17,9,5,0
bayes,spread,83,true,38,17,6,5,0
bayes,spread,84,true,38,17,7,5,0
bayes,spread,85,true,43,17,6,5,0
bayes,spread,86,true,48,17,6,5,0
bayes,spread,87,true,51,17,11,5,1
bayes,spread,88,true,54,17,8,5,0
bayes,spread,89,true,56,17,10,5,0
bayes,spread,90,true,54,17,10,5,1
bayes,spread,91,true,75,17,15,5,3
bayes,spread,92,true,52,17,8,5,1
bayes,spread,93,true,65,17,9,5,1
bayes,spread,94,true,58,17,12,5,1
bayes,spread,95,true,46,17,9,5,1
bayes,spread,96,true,45,17,10,5,1
bayes,spread,97,true,59,17,9,5,1
bayes,spread,98,true,46,17,7,5,0
bayes,spread,99,true,54,17,10,5,1
bayes,edges,0,true,49,17,9,5,0
bayes,edges,1,true,46,17,7,5,1
bayes,edges,2,true,54,17,5,5,0
bayes,edges,3,true,39,17,9,5,0
bayes,edges,4,true,45,17,8,5,0
bayes,edges,5,true,59,17,11,5,2
bayes,edges,6,true,46,17,7,5,1
bayes,edges,7,true,52,17,8,5,1
bayes,edges,8,true,58,17,9,5,0
bayes,edges,9,true,35,17,5,5,0
bayes,edges,10,true,50,17,9,5,2
bayes,edges,11,true,71,17,14,5,2
bayes,edges,12,true,56,17,9,5,1
bayes,edges,13,true,47,17,9,5,1
bayes,edges,14,true,41,17,5,5,1
bayes,edges,15,true,48,17,5,5,0
bayes,edges,16,true,40,17,8,5,0
bayes,edges,17,true,47,17,9,5,1
bayes,edges,18,true,54,17,8,5,0
bayes,edges,19,true,43,17,9,5,0
bayes,edges,20,true,45,17,3,5,0
bayes,edges,21,true,58,17,11,5,0
bayes,edges,22,true,61,17,12,5,2
bayes,edges,23,true,58,17,10,5,1
bayes,edges,24,true,57,17,8,5,1
bayes,edges,25,true,49,17,5,5,0
bayes,edges,26,true,44,17,8,5,1
bayes,edges,27,true,50,17,9,5,1
bayes,edges,28,true,47,17,8,5,1
bayes,edges,29,true,49,17,6,5,1
bayes,edges,30,true,55,17,12,5,1
bayes,edges,31,true,48,17,9,5,0
bayes,edges,32,true,46,17,6,5,0
bayes,edges,33,true,57,17,7,5,1
bayes,edges,34,true,40,17,5,5,0
bayes,edges,35,true,55,17,9,5,1
bayes,edges,36,true,51,17,10,5,1
bayes,edges,37,true,55,17,9,5,0
bayes,edges,38,true,60,17,7,5,0
bayes,edges,39,true,58,17,11,5,1
bayes,edges,40,true,46,17,9,5,0
bayes,edges,41,true,58,17,10,5,1
bayes,edges,42,true,42,17,10,5,2
bayes,edges,43,true,54,17,11,5,1
bayes,edges,44,true,46,17,9,5,1
bayes,edges,45,true,63,17,12,5,2
bayes,edges,46,true,62,17,10,5,1
bayes,edges,47,true,62,17,10,5,1
bayes,edges,48,true,38,17,6,5,0
bayes,edges,49,true,51,17,10,5,2
bayes,edges,50,true,44,17,5,5,0
bayes,edges,51,true,63,17,12,5,1
bayes,edges,52,true,42,17,6,5,0
bayes,edges,53,true,44,17,4,5,0
bayes,edges,54,true,63,17,11,5,1
bayes,edges,55,true,63,17,12,5,1
bayes,edges,56,true,38,17,9,5,0
bayes,edges,57,true,44,17,6,5,0
bayes,edges,58,true,64,17,9,5,1
bayes,edges,59,true,48,17,9,5,0
bayes,edges,60,true,45,17,10,5,1
bayes,edges,61,true,39,17,10,5,1
bayes,edges,62,true,57,17,9,5,0
bayes,edges,63,true,45,17,9,5,0
bayes,edges,64,true,55,17,11,5,1
bayes,edges,65,true,55,17,8,5,0
bayes,edges,66,true,49,17,6,5,0
bayes,edges,67,true,52,17,7,5,0
bayes,edges,68,true,38,17,7,5,0
bayes,edges,69,true,51,17,11,5,1
bayes,edges,70,true,56,17,12,5,1
bayes,edges,71,true,36,17,4,5,0
bayes,edges,72,true,48,17,8,5,0
bayes,edges,73,true,54,17,8,5,1
bayes,edges,74,true,51,17,8,5,1
bayes,edges,75,true,58,17,9,5,1
bayes,edges,76,true,44,17,6,5,0
bayes,edges,77,true,59,17,10,5,1
bayes,edges,78,true,63,17,8,5,0
bayes,edges,79,true,53,17,8,5,0
bayes,edges,80,true,58,17,9,5,2
bayes,edges,81,true,36,17,5,5,1
bayes,edges,82,true,62,17,13,5,2
bayes,edges,83,true,60,17,10,5,0
bayes,edges,84,true,74,17,11,5,1
bayes,edges,85,true,64,17,15,5,3
bayes,edges,86,true,46,17,6,5,0
bayes,edges,87,true,42,17,5,5,0
bayes,edges,88,true,61,17,9,5,0
bayes,edges,89,true,37,17,2,5,0
bayes,edges,90,true,56,17,9,5,1
bayes,edges,91,true,46,17,9,5,0
bayes,edges,92,true,57,17,7,5,0
bayes,edges,93,true,61,17,12,5,2
bayes,edges,94,true,51,17,9,5,0
bayes,edges,95,true,51,17,10,5,0
bayes,edges,96,true,47,17,9,5,1
bayes,edges,97,true,57,17,9,5,1
bayes,edges,98,true,56,17,9,5,0
bayes,edges,99,true,57,17,9,5,0
bayes,corners,0,true,63,17,13,5,2
bayes,corners,1,true,56,17,5,5,0
bayes,corners,2,true,62,17,10,5,1
bayes,corners,3,true,45,17,7,5,1
bayes,corners,4,true,59,17,7,5,1
bayes,corners,5,true,57,17,7,5,1
bayes,corners,6,true,53,17,4,5,1
bayes,corners,7,true,54,17,12,5,1
bayes,corners,8,true,45,17,5,5,0
bayes,corners,9,true,62,17,10,5,2
bayes,corners,10,true,52,17,9,5,0
bayes,corners,11,true,42,17,10,5,1
bayes,corners,12,true,48,17,8,5,0
bayes,corners,13,true,44,17,7,5,0
bayes,corners,14,true,46,17,9,5,1
bayes,corners,15,true,44,17,9,5,0
bayes,corners,16,true,43,17,6,5,0
bayes,corners,17,true,48,17,9,5,0
bayes,corners,18,true,45,17,9,5,1
bayes,corners,19,true,46,17,9,5,0
bayes,corners,20,true,63,17,10,5,0
bayes,corners,21,true,46,17,10,5,1
bayes,corners,22,true,65,17,10,5,1
bayes,corners,23,true,62,17,10,5,1
bayes,corners,24,true,58,17,7,5,1
bayes,corners,25,true,63,17,11,5,1
bayes,corners,26,true,48,17,8,5,0
bayes,corners,27,true,54,17,9,5,0
bayes,corners,28,true,62,17,10,5,1
bayes,corners,29,true,57,17,6,5,0
bayes,corners,30,true,62,17,11,5,1
bayes,corners,31,true,46,17,7,5,0
bayes,corners,32,true,59,17,11,5,1
bayes,corners,33,true,50,17,6,5,0
bayes,corners,34,true,62,17,8,5,1
bayes,corners,35,true,50,17,11,5,1
bayes,corners,36,true,45,17,8,5,0
bayes,corners,37,true,52,17,11,5,1
bayes,corners,38,true,54,17,11,5,0
bayes,corners,39,true,64,17,9,5,1
bayes,corners,40,true,60,17,10,5,1
bayes,corners,41,true,55,17,9,5,0
bayes,corners,42,true,43,17,9,5,0
bayes,corners,43,true,57,17,9,5,1
bayes,corners,44,true,67,17,12,5,1
bayes,corners,45,true,46,17,7,5,0
bayes,corners,46,true,58,17,11,5,0
bayes,corners,47,true,42,17,7,5,0
bayes,corners,48,true,49,17,4,5,0
bayes,corners,49,true,61,17,9,5,0
bayes,corners,50,true,50,17,8,5,0
bayes,corners,51,true,58,17,9,5,0
bayes,corners,52,true,60,17,8,5,0
bayes,corners,53,true,43,17,8,5,0
bayes,corners,54,true,54,17,6,5,0
bayes,corners,55,true,44,17,10,5,0
bayes,corners,56,true,60,17,13,5,3
bayes,corners,57,true,50,17,8,5,0
bayes,corners,58,true,58,17,11,5,0
bayes,corners,59,true,38,17,8,5,1
bayes,corners,60,true,61,17,8,5,0
bayes,corners,61,true,63,17,9,5,1
bayes,corners,62,true,42,17,6,5,0
bayes,corners,63,true,54,17,8,5,0
bayes,corners,64,true,67,17,11,5,0
bayes,corners,65,true,42,17,9,5,0
bayes,corners,66,true,45,17,9,5,0
bayes,corners,67,true,51,17,7,5,0
bayes,corners,68,true,59,17,10,5,1
bayes,corners,69,true,58,17,12,5,1
bayes,corners,70,true,62,17,11,5,1
bayes,corners,71,true,54,17,10,5,1
bayes,corners,72,true,53,17,9,5,0
bayes,corners,73,true,43,17,7,5,1
bayes,corners,74,true,47,17,6,5,1
bayes,corners,75,true,53,17,4,5,0
bayes,corners,76,true,60,17,7,5,0
bayes,corners,77,true,52,17,6,5,0
bayes,corners,78,true,62,17,7,5,0
bayes,corners,79,true,62,17,13,5,2
bayes,corners,80,true,43,17,5,5,0
bayes,corners,81,true,46,17,7,5,0
bayes,corners,82,true,56,17,8,5,0
bayes,corners,83,true,62,17,8,5,0
bayes,corners,84,true,56,17,10,5,2
bayes,corners,85,true,62,17,9,5,0
bayes,corners,86,true,47,17,11,5,1
bayes,corners,87,true,65,17,13,5,3
bayes,corners,88,true,44,17,10,5,1
bayes,corners,89,true,47,17,6,5,0
bayes,corners,90,true,70,17,8,5,1
bayes,corners,91,true,60,17,9,5,1
bayes,corners,92,true,63,17,8,5,0
bayes,corners,93,true,49,17,7,5,0
bayes,corners,94,true,60,17,12,5,2
bayes,corners,95,true,57,17,5,5,0
bayes,corners,96,true,46,17,7,5,0
bayes,corners,97,true,47,17,6,5,0
bayes,corners,98,true,63,17,9,5,0
bayes,corners,99,true,53,17,7,5,0
bayes,clustered,0,true,44,17,9,5,1
bayes,clustered,1,true,50,17,10,5,0
bayes,clustered,2,true,49,17,7,5,0
bayes,clustered,3,true,56,17,10,5,0
bayes,clustered,4,true,62,17,9,5,1
bayes,clustered,5,true,45,17,5,5,0
bayes,clustered,6,true,35,17,5,5,0
bayes,clustered,7,true,40,17,5,5,0
bayes,clustered,8,true,27,17,1,5,0
bayes,clustered,9,true,29,17,4,5,0
bayes,clustered,10,true,34,17,5,5,0
bayes,clustered,11,true,62,17,11,5,2
bayes,clustered,12,true,40,17,10,5,1
bayes,clustered,13,true,25,17,6,5,0
bayes,clustered,14,true,65,17,11,5,1
bayes,clustered,15,true,55,17,9,5,2
bayes,clustered,16,true,47,17,8,5,1
bayes,clustered,17,true,62,17,11,5,1
bayes,clustered,18,true,52,17,8,5,1
bayes,clustered,19,true,35,17,8,5,1
bayes,clustered,20,true,56,17,9,5,0
bayes,clustered,21,true,47,17,10,5,2
bayes,clustered,22,true,24,17,4,5,0
bayes,clustered,23,true,45,17,5,5,1
bayes,clustered,24,true,52,17,9,5,0
bayes,clustered,25,true,36,17,6,5,0
bayes,clustered,26,true,37,17,4,5,0
bayes,clustered,27,true,37,17,7,5,0
bayes,clustered,28,true,30,17,4,5,0
bayes,clustered,29,true,34,17,3,5,0
bayes,clustered,30,true,66,17,11,5,2
bayes,clustered,31,true,38,17,4,5,0
bayes,clustered,32,true,38,17,7,5,1
bayes,clustered,33,true,55,17,10,5,2
bayes,clustered,34,true,47,17,7,5,1
bayes,clustered,35,true,49,17,7,5,0
bayes,clustered,36,true,45,17,6,5,0
bayes,clustered,37,true,27,17,5,5,0
bayes,clustered,38,true,25,17,4,5,0
bayes,clustered,39,true,46,17,10,5,1
bayes,clustered,40,true,29,17,4,5,0
bayes,clustered,41,true,29,17,5,5,0
bayes,clustered,42,true,38,17,2,5,0
bayes,clustered,43,true,48,17,7,5,0
bayes,clustered,44,true,50,17,10,5,2
bayes,clustered,45,true,39,17,5,5,1
bayes,clustered,46,true,49,17,8,5,2
bayes,clustered,47,true,53,17,7,5,0
bayes,clustered,48,true,51,17,5,5,0
bayes,clustered,49,true,46,17,8,5,0
bayes,clustered,50,true,35,17,5,5,0
bayes,clustered,51,true,42,17,6,5,1
bayes,clustered,52,true,61,17,14,5,3
bayes,clustered,53,true,37,17,6,5,1
bayes,clustered,54,true,50,17,8,5,0
bayes,clustered,55,true,45,17,9,5,1
bayes,clustered,56,true,65,17,11,5,1
bayes,clustered,57,true,37,17,8,5,0
bayes,clustered,58,true,46,17,11,5,1
bayes,clustered,59,true,29,17,3,5,0
bayes,clustered,60,true,44,17,10,5,0
bayes,clustered,61,true,41,17,6,5,0
bayes,clustered,62,true,55,17,10,5,0
bayes,clustered,63,true,37,17,5,5,0
bayes,clustered,64,true,33,17,9,5,1
bayes,clustered,65,true,33,17,8,5,0
bayes,clustered,66,true,57,17,9,5,0
bayes,clustered,67,true,27,17,5,5,1
bayes,clustered,68,true,44,17,7,5,1
bayes,clustered,69,true,34,17,5,5,0
bayes,clustered,70,true,48,17,7,5,1
bayes,clustered,71,true,37,17,7,5,0
bayes,clustered,72,true,45,17,6,5,0
bayes,clustered,73,true,46,17,9,5,0
bayes,clustered,74,true,63,17,14,5,3
bayes,clustered,75,true,51,17,10,5,0
bayes,clustered,76,true,51,17,6,5,1
bayes,clustered,77,true,39,17,3,5,0
bayes,clustered,78,true,39,17,5,5,0
bayes,clustered,79,true,60,17,11,5,1
bayes,clustered,80,true,63,17,13,5,1
bayes,clustered,81,true,42,17,10,5,1
bayes,clustered,82,true,29,17,3,5,0
bayes,clustered,83,true,52,17,10,5,2
bayes,clustered,84,true,49,17,6,5,0
bayes,clustered,85,true,39,17,5,5,0
bayes,clustered,86,true,33,17,6,5,0
bayes,clustered,87,true,51,17,9,5,0
bayes,clustered,88,true,47,17,8,5,0
bayes,clustered,89,true,39,17,9,5,0
bayes,clustered,90,true,63,17,9,5,0
bayes,clustered,91,true,48,17,8,5,1
bayes,clustered,92,true,50,17,8,5,0
bayes,clustered,93,true,36,17,7,5,0
bayes,clustered,94,true,47,17,7,5,0
bayes,clustered,95,true,45,17,4,5,0
bayes,clustered,96,true,37,17,6,5,1
bayes,clustered,97,true,36,17,9,5,1
bayes,clustered,98,true,49,17,6,5,0
bayes,clustered,99,true,31,17,8,5,0
bayes,quadrant,0,true,48,17,9,5,1
bayes,quadrant,1,true,49,17,8,5,0
bayes,quadrant,2,true,48,17,9,5,1
bayes,quadrant,3,true,29,17,2,5,0
bayes,quadrant,4,true,42,17,8,5,0
bayes,quadrant,5,true,52,17,9,5,1
bayes,quadrant,6,true,51,17,7,5,0
bayes,quadrant,7,true,49,17,8,5,0
bayes,quadrant,8,true,47,17,7,5,0
bayes,quadrant,9,true,45,17,8,5,1
bayes,quadrant,10,true,55,17,13,5,2
bayes,quadrant,11,true,58,17,11,5,2
bayes,quadrant,12,true,47,17,7,5,0
bayes,quadrant,13,true,39,17,5,5,0
bayes,quadrant,14,true,53,17,11,5,1
bayes,quadrant,15,true,41,17,8,5,0
bayes,quadrant,16,true,46,17,8,5,0
bayes,quadrant,17,true,50,17,9,5,1
bayes,quadrant,18,true,39,17,8,5,0
bayes,quadrant,19,true,39,17,6,5,0
bayes,quadrant,20,true,39,17,7,5,0
bayes,quadrant,21,true,57,17,10,5,1
bayes,quadrant,22,true,52,17,5,5,0
bayes,quadrant,23,true,36,17,9,5,0
bayes,quadrant,24,true,52,17,10,5,0
bayes,quadrant,25,true,51,17,7,5,0
bayes,quadrant,26,true,40,17,8,5,0
bayes,quadrant,27,true,36,17,9,5,0
bayes,quadrant,28,true,46,17,8,5,1
bayes,quadrant,29,true,52,17,10,5,1
bayes,quadrant,30,true,55,17,8,5,1
bayes,quadrant,31,true,45,17,5,5,0
bayes,quadrant,32,true,38,17,7,5,1
bayes,quadrant,33,true,45,17,9,5,1
bayes,quadrant,34,true,47,17,6,5,1
bayes,quadrant,35,true,48,17,6,5,0
bayes,quadrant,36,true,54,17,11,5,1
bayes,quadrant,37,true,36,17,7,5,1
bayes,quadrant,38,true,36,17,8,5,1
bayes,quadrant,39,true,43,17,6,5,0
bayes,quadrant,40,true,34,17,5,5,0
bayes,quadrant,41,true,46,17,7,5,1
bayes,quadrant,42,true,41,17,7,5,1
bayes,quadrant,43,true,52,17,8,5,0
bayes,quadrant,44,true,43,17,9,5,0
bayes,quadrant,45,true,50,17,5,5,0
bayes,quadrant,46,true,43,17,5,5,0
bayes,quadrant,47,true,35,17,6,5,0
bayes,quadrant,48,true,45,17,7,5,0
bayes,quadrant,49,true,41,17,4,5,0
bayes,quadrant,50,true,37,17,9,5,1
bayes,quadrant,51,true,48,17,8,5,0
bayes,quadrant,52,true,51,17,7,5,0
bayes,quadrant,53,true,40,17,10,5,1
bayes,quadrant,54,true,36,17,5,5,0
bayes,quadrant,55,true,62,17,9,5,0
bayes,quadrant,56,true,56,17,9,5,0
bayes,quadrant,57,true,49,17,10,5,1
bayes,quadrant,58,true,40,17,5,5,0
bayes,quadrant,59,true,42,17,7,5,0
bayes,quadrant,60,true,37,17,3,5,0
bayes,quadrant,61,true,49,17,10,5,0
bayes,quadrant,62,true,39,17,6,5,1
bayes,quadrant,63,true,36,17,6,5,0
bayes,quadrant,64,true,33,17,8,5,0
bayes,quadrant,65,true,49,17,7,5,0
bayes,quadrant,66,true,28,17,4,5,0
bayes,quadrant,67,true,51,17,10,5,2
bayes,quadrant,68,true,28,17,8,5,0
bayes,quadrant,69,true,38,17,10,5,0
bayes,quadrant,70,true,39,17,5,5,0
bayes,quadrant,71,true,33,17,2,5,0
bayes,quadrant,72,true,45,17,5,5,0
bayes,quadrant,73,true,44,17,9,5,0
bayes,quadrant,74,true,27,17,6,5,0
bayes,quadrant,75,true,47,17,7,5,0
bayes,quadrant,76,true,43,17,8,5,0
bayes,quadrant,77,true,44,17,7,5,0
bayes,quadrant,78,true,45,17,7,5,1
bayes,quadrant,79,true,46,17,10,5,0
bayes,quadrant,80,true,52,17,11,5,0
bayes,quadrant,81,true,48,17,9,5,0
bayes,quadrant,82,true,51,17,9,5,1
bayes,quadrant,83,true,49,17,8,5,0
bayes,quadrant,84,true,63,17,9,5,0
bayes,quadrant,85,true,38,17,5,5,0
bayes,quadrant,86,true,63,17,10,5,0
bayes,quadrant,87,true,65,17,7,5,0
bayes,quadrant,88,true,43,17,7,5,0
bayes,quadrant,89,true,49,17,9,5,1
bayes,quadrant,90,true,41,17,9,5,0
bayes,quadrant,91,true,31,17,4,5,1
bayes,quadrant,92,true,47,17,10,5,0
bayes,quadrant,93,true,45,17,7,5,0
bayes,quadrant,94,true,33,17,3,5,0
bayes,quadrant,95,true,62,17,8,5,0
bayes,quadrant,96,true,65,17,10,5,2
bayes,quadrant,97,true,55,17,10,5,0
bayes,quadrant,98,true,37,17,4,5,1
bayes,quadrant,99,true,46,17,7,5,1
bayes,dense_center,0,true,24,17,5,5,0
bayes,dense_center,1,true,42,17,12,5,1
bayes,dense_center,2,true,30,17,2,5,0
bayes,dense_center,3,true,46,17,6,5,0
bayes,dense_center,4,true,49,17,11,5,0
bayes,dense_center,5,true,33,17,7,5,1
bayes,dense_center,6,true,40,17,7,5,0
bayes,dense_center,7,true,29,17,7,5,0
bayes,dense_center,8,true,28,17,6,5,0
bayes,dense_center,9,true,29,17,3,5,0
bayes,dense_center,10,true,25,17,3,5,0
bayes,dense_center,11,true,30,17,0,5,0
bayes,dense_center,12,true,26,17,4,5,0
bayes,dense_center,13,true,40,17,6,5,0
bayes,dense_center,14,true,27,17,4,5,1
bayes,dense_center,15,true,52,17,10,5,0
bayes,dense_center,16,true,32,17,6,5,0
bayes,dense_center,17,true,50,17,7,5,1
bayes,dense_center,18,true,28,17,5,5,0
bayes,dense_center,19,true,24,17,5,5,0
bayes,dense_center,20,true,36,17,3,5,0
bayes,dense_center,21,true,32,17,4,5,0
bayes,dense_center,22,true,52,17,7,5,0
bayes,dense_center,23,true,58,17,7,5,0
bayes,dense_center,24,true,26,17,2,5,0
bayes,dense_center,25,true,28,17,6,5,0
bayes,dense_center,26,true,23,17,5,5,0
bayes,dense_center,27,true,53,17,8,5,1
bayes,dense_center,28,true,36,17,3,5,0
bayes,dense_center,29,true,30,17,5,5,0
bayes,dense_center,30,true,55,17,7,5,0
bayes,dense_center,31,true,49,17,8,5,1
bayes,dense_center,32,true,55,17,10,5,1
bayes,dense_center,33,true,27,17,3,5,0
bayes,dense_center,34,true,23,17,5,5,0
bayes,dense_center,35,true,47,17,7,5,1
bayes,dense_center,36,true,27,17,7,5,1
bayes,dense_center,37,true,25,17,4,5,0
bayes,dense_center,38,true,40,17,11,5,1
bayes,dense_center,39,true,36,17,5,5,0
bayes,dense_center,40,true,30,17,5,5,0
bayes,dense_center,41,true,29,17,4,5,0
bayes,dense_center,42,true,44,17,8,5,0
bayes,dense_center,43,true,45,17,6,5,1
bayes,dense_center,44,true,27,17,6,5,1
bayes,dense_center,45,true,24,17,3,5,0
bayes,dense_center,46,true,26,17,3,5,0
bayes,dense_center,47,true,30,17,4,5,0
bayes,dense_center,48,true,34,17,6,5,0
bayes,dense_center,49,true,28,17,6,5,0
bayes,dense_center,50,true,28,17,5,5,0
bayes,dense_center,51,true,24,17,2,5,0
bayes,dense_center,52,true,70,17,14,5,2
bayes,dense_center,53,true,25,17,8,5,0
bayes,dense_center,54,true,42,17,7,5,1
bayes,dense_center,55,true,37,17,8,5,1
bayes,dense_center,56,true,37,17,4,5,0
bayes,dense_center,57,true,26,17,6,5,0
bayes,dense_center,58,true,30,17,6,5,0
bayes,dense_center,59,true,29,17,6,5,0
bayes,dense_center,60,true,25,17,2,5,0
bayes,dense_center,61,true,27,17,4,5,0
bayes,dense_center,62,true,49,17,9,5,0
bayes,dense_center,63,true,37,17,7,5,0
bayes,dense_center,64,true,38,17,3,5,0
bayes,dense_center,65,true,28,17,5,5,0
bayes,dense_center,66,true,32,17,6,5,0
bayes,dense_center,67,true,56,17,6,5,0
bayes,dense_center,68,true,31,17,5,5,0
bayes,dense_center,69,true,30,17,5,5,0
bayes,dense_center,70,true,26,17,5,5,1
bayes,dense_center,71,true,52,17,5,5,0
bayes,dense_center,72,true,26,17,7,5,0
bayes,dense_center,73,true,26,17,7,5,0
bayes,dense_center,74,true,25,17,7,5,0
bayes,dense_center,75,true,48,17,10,5,1
bayes,dense_center,76,true,60,17,11,5,1
bayes,dense_center,77,true,33,17,7,5,0
bayes,dense_center,78,true,32,17,6,5,0
bayes,dense_center,79,true,24,17,6,5,0
bayes,dense_center,80,true,28,17,5,5,0
bayes,dense_center,81,true,31,17,3,5,0
bayes,dense_center,82,true,27,17,6,5,0
bayes,dense_center,83,true,28,17,6,5,0
bayes,dense_center,84,true,43,17,5,5,1
bayes,dense_center,85,true,28,17,4,5,0
bayes,dense_center,86,true,48,17,5,5,0
bayes,dense_center,87,true,29,17,4,5,0
bayes,dense_center,88,true,25,17,4,5,0
bayes,dense_center,89,true,25,17,3,5,0
bayes,dense_center,90,true,29,17,7,5,0
bayes,dense_center,91,true,54,17,11,5,2
bayes,dense_center,92,true,25,17,6,5,0
bayes,dense_center,93,true,58,17,7,5,0
bayes,dense_center,94,true,61,17,9,5,0
bayes,dense_center,95,true,28,17,7,5,0
bayes,dense_center,96,true,46,17,6,5,0
bayes,dense_center,97,true,27,17,4,5,0
bayes,dense_center,98,true,37,17,8,5,1
bayes,dense_center,99,true,24,17,3,5,0
bayes,diagonal,0,true,40,17,5,5,0
bayes,diagonal,1,true,65,17,10,5,1
bayes,diagonal,2,true,37,17,10,5,0
bayes,diagonal,3,true,58,17,8,5,1
bayes,diagonal,4,true,38,17,7,5,0
bayes,diagonal,5,true,55,17,11,5,1
bayes,diagonal,6,true,32,17,5,5,0
bayes,diagonal,7,true,65,17,8,5,0
bayes,diagonal,8,true,51,17,8,5,0
bayes,diagonal,9,true,64,17,14,5,3
bayes,diagonal,10,true,42,17,10,5,1
bayes,diagonal,11,true,53,17,8,5,1
bayes,diagonal,12,true,56,17,9,5,0
bayes,diagonal,13,true,60,17,12,5,1
bayes,diagonal,14,true,30,17,6,5,0
bayes,diagonal,15,true,43,17,10,5,1
bayes,diagonal,16,true,48,17,12,5,1
bayes,diagonal,17,true,52,17,5,5,0
bayes,diagonal,18,true,41,17,6,5,0
bayes,diagonal,19,true,35,17,5,5,1
bayes,diagonal,20,true,43,17,5,5,0
bayes,diagonal,21,true,57,17,9,5,1
bayes,diagonal,22,true,46,17,4,5,0
bayes,diagonal,23,true,44,17,5,5,0
bayes,diagonal,24,true,39,17,7,5,0
bayes,diagonal,25,true,47,17,8,5,1
bayes,diagonal,26,true,37,17,6,5,0
bayes,diagonal,27,true,55,17,11,5,1
bayes,diagonal,28,true,45,17,10,5,1
bayes,diagonal,29,true,33,17,6,5,1
bayes,diagonal,30,true,50,17,9,5,1
bayes,diagonal,31,true,53,17,14,5,2
bayes,diagonal,32,true,39,17,6,5,0
bayes,diagonal,33,true,50,17,8,5,1
bayes,diagonal,34,true,46,17,7,5,0
bayes,diagonal,35,true,44,17,8,5,0
bayes,diagonal,36,true,51,17,11,5,1
bayes,diagonal,37,true,54,17,9,5,0
bayes,diagonal,38,true,47,17,8,5,1
bayes,diagonal,39,true,44,17,6,5,0
bayes,diagonal,40,true,44,17,4,5,1
bayes,diagonal,41,true,44,17,6,5,0
bayes,diagonal,42,true,30,17,5,5,0
bayes,diagonal,43,true,50,17,11,5,2
bayes,diagonal,44,true,56,17,14,5,3
bayes,diagonal,45,true,32,17,4,5,0
bayes,diagonal,46,true,52,17,11,5,1
bayes,diagonal,47,true,63,17,11,5,1
bayes,diagonal,48,true,44,17,8,5,0
bayes,diagonal,49,true,50,17,12,5,2
bayes,diagonal,50,true,65,17,10,5,1
bayes,diagonal,51,true,60,17,15,5,3
bayes,diagonal,52,true,32,17,6,5,0
bayes,diagonal,53,true,44,17,9,5,0
bayes,diagonal,54,true,27,17,3,5,0
bayes,diagonal,55,true,50,17,4,5,1
bayes,diagonal,56,true,49,17,5,5,0
bayes,diagonal,57,true,40,17,5,5,0
bayes,diagonal,58,true,51,17,12,5,0
bayes,diagonal,59,true,43,17,6,5,0
bayes,diagonal,60,true,39,17,5,5,0
bayes,diagonal,61,true,45,17,6,5,0
bayes,diagonal,62,true,48,17,13,5,2
bayes,diagonal,63,true,58,17,9,5,1
bayes,diagonal,64,true,42,17,8,5,0
bayes,diagonal,65,true,33,17,7,5,0
bayes,diagonal,66,true,45,17,11,5,1
bayes,diagonal,67,true,34,17,5,5,0
bayes,diagonal,68,true,65,17,8,5,0
bayes,diagonal,69,true,43,17,6,5,0
bayes,diagonal,70,true,33,17,2,5,0
bayes,diagonal,71,true,31,17,7,5,0
bayes,diagonal,72,true,49,17,10,5,0
bayes,diagonal,73,true,45,17,4,5,0
bayes,diagonal,74,true,26,17,5,5,0
bayes,diagonal,75,true,31,17,6,5,0
bayes,diagonal,76,true,48,17,7,5,0
bayes,diagonal,77,true,53,17,9,5,1
bayes,diagonal,78,true,45,17,6,5,0
bayes,diagonal,79,true,35,17,3,5,0
bayes,diagonal,80,true,51,17,6,5,1
bayes,diagonal,81,true,28,17,4,5,0
bayes,diagonal,82,true,74,17,13,5,2
bayes,diagonal,83,true,42,17,9,5,0
bayes,diagonal,84,true,61,17,8,5,2
bayes,diagonal,85,true,63,17,9,5,1
bayes,diagonal,86,true,44,17,8,5,0
bayes,diagonal,87,true,48,17,9,5,0
bayes,diagonal,88,true,52,17,7,5,0
bayes,diagonal,89,true,43,17,9,5,0
bayes,diagonal,90,true,37,17,5,5,0
bayes,diagonal,91,true,53,17,12,5,1
bayes,diagonal,92,true,53,17,11,5,1
bayes,diagonal,93,true,38,17,8,5,0
bayes,diagonal,94,true,32,17,5,5,0
bayes,diagonal,95,true,28,17,3,5,0
bayes,diagonal,96,true,53,17,7,5,0
bayes,diagonal,97,true,38,17,5,5,0
bayes,diagonal,98,true,35,17,5,5,0
bayes,diagonal,99,true,50,17,8,5,1
