step,loss,acc,episodes,time
1,4.6508,0.0,0,0.1
1000,1.9606,51.6,21,15.6
2000,1.3671,60.6,41,15.6
3000,1.476,62.5,63,15.5
4000,1.6115,63.5,83,15.1
5000,2.01,61.6,105,15.2
6000,3.9356,23.9,127,16.6
7000,4.21,4.8,149,16.4
8000,4.3322,1.8,170,15.3
9000,4.2126,2.7,191,15.2
10000,4.3921,1.5,211,15.1
11000,2.869,33.1,233,15.2
12000,2.2536,43.0,253,15.1
13000,1.5943,59.4,276,15.2
14000,1.5066,60.6,298,15.2
15000,1.3218,64.9,321,15.2
16000,1.4959,66.8,341,15.2
17000,1.4438,66.6,365,17.2
18000,1.5406,65.2,387,17.1
19000,1.3444,65.2,407,16.0
20000,1.6443,67.5,429,15.2
21000,1.3676,70.2,449,16.4
22000,1.4082,70.6,470,16.9
23000,1.5481,69.6,490,17.1
24000,1.5543,66.0,511,15.8
25000,1.2688,72.5,533,16.9
26000,1.4661,70.4,554,15.2
27000,2.136,61.8,576,15.7
28000,1.4179,60.2,597,15.0
29000,1.1854,70.9,618,15.9
30000,1.1554,76.1,640,15.9
31000,1.1775,72.9,659,16.1
32000,1.2788,74.5,682,17.0
33000,1.3197,72.9,702,16.4
34000,1.2894,76.8,724,15.8
35000,1.2312,73.6,745,16.6
36000,1.2886,75.6,765,17.3
37000,1.3062,75.3,786,17.3
38000,1.3402,73.3,808,17.4
39000,1.3366,72.9,829,17.4
40000,1.1676,74.6,850,15.7
41000,1.2201,73.7,872,15.2
42000,1.1525,74.8,894,15.1
43000,1.1296,74.0,915,15.2
44000,1.1276,77.4,937,15.0
45000,1.1205,78.1,959,15.0
46000,1.1174,77.4,981,16.3
47000,1.2514,77.6,1002,17.3
48000,1.2333,73.8,1025,17.3
49000,1.202,76.1,1049,17.4
50000,1.1167,77.2,1071,17.4
51000,1.1732,77.6,1095,17.4
52000,1.0461,77.5,1117,17.4
53000,1.2063,73.6,1138,16.0
54000,1.1432,78.9,1159,14.9
55000,1.199,78.4,1181,14.8
56000,1.2091,77.6,1202,14.9
57000,1.0695,74.4,1224,14.9
58000,1.3819,75.6,1244,14.9
59000,1.0451,78.5,1267,15.0
60000,1.0837,76.5,1289,15.0
61000,1.2114,74.2,1312,15.1
62000,1.2364,77.9,1334,15.0
63000,1.0307,80.9,1357,15.0
64000,0.9774,79.7,1380,15.1
65000,0.9483,79.5,1402,15.1
66000,1.1308,79.6,1423,15.1
67000,1.1057,79.9,1446,16.5
68000,1.0695,78.8,1466,16.3
69000,1.0873,75.7,1487,15.3
70000,1.157,77.8,1509,15.1
71000,1.0014,82.2,1531,15.2
72000,1.0914,79.0,1553,15.2
73000,0.9878,79.3,1574,15.3
74000,0.9022,81.3,1597,15.3
75000,0.9375,82.1,1619,15.2
76000,0.9442,82.3,1641,15.2
77000,1.2466,77.4,1662,15.2
78000,1.0079,80.9,1684,15.2
79000,0.8679,80.8,1705,15.2
80000,1.0247,81.6,1725,15.2
81000,1.006,77.8,1748,15.2
82000,0.8905,82.5,1768,15.2
83000,0.9633,80.4,1789,15.3
84000,0.9204,81.3,1809,15.2
85000,0.9515,81.9,1829,15.3
86000,0.9076,82.7,1849,15.2
87000,0.994,80.4,1871,15.2
88000,0.9068,81.5,1893,15.2
89000,0.7904,86.1,1914,15.5
90000,1.0785,80.1,1937,15.4
91000,0.8178,82.9,1959,15.7
92000,0.9247,83.6,1979,15.8
93000,1.0148,78.2,2000,14.9
94000,0.9928,81.1,2023,14.9
95000,0.8729,81.0,2045,14.9
96000,0.9627,82.3,2067,14.9
97000,0.9852,83.6,2089,15.0
98000,0.7331,86.1,2109,15.0
99000,1.0072,81.9,2130,14.9
100000,0.9805,83.6,2151,14.9
101000,0.9172,82.2,2172,15.0
102000,0.7938,84.4,2195,14.9
103000,0.8616,83.9,2217,14.9
104000,0.8995,81.2,2239,14.9
105000,0.9081,81.0,2260,14.9
106000,0.9138,82.1,2282,14.9
107000,0.8889,83.8,2303,14.9
108000,0.9161,83.6,2324,15.0
109000,0.6961,86.5,2345,15.1
110000,0.9499,82.4,2366,15.0
111000,0.9362,81.2,2388,15.0
112000,0.7047,84.7,2409,15.0
113000,0.7688,84.3,2432,15.2
114000,0.7908,85.3,2454,14.9
115000,0.6932,85.4,2475,16.6
116000,0.7954,83.4,2494,17.3
117000,0.5815,89.0,2517,17.4
118000,0.8378,83.4,2538,17.3
119000,0.8756,84.8,2558,17.4
120000,0.7309,83.7,2581,17.4
121000,0.8139,82.6,2602,17.7
122000,0.8792,83.6,2623,17.3
123000,0.8054,82.2,2644,17.2
124000,0.7698,82.9,2663,17.3
125000,0.8657,84.6,2686,17.3
126000,0.9159,82.8,2709,17.3
127000,0.8328,84.4,2730,17.4
128000,0.82,83.2,2753,16.5
129000,0.8968,84.1,2776,15.4
130000,0.9002,82.4,2797,15.3
131000,0.8339,84.3,2817,15.4
132000,0.7921,83.6,2839,15.4
133000,0.8158,81.9,2860,15.3
134000,0.5957,88.3,2882,15.3
135000,0.8796,83.2,2906,15.4
136000,0.7842,83.7,2925,15.3
137000,0.7724,83.6,2946,15.3
138000,0.8185,84.6,2967,16.9
139000,0.728,85.9,2988,17.3
140000,0.7702,82.7,3009,17.4
141000,0.7559,84.8,3030,17.5
142000,0.7669,84.5,3053,17.4
143000,0.845,82.8,3074,15.2
144000,0.8071,85.8,3095,15.1
145000,0.8301,84.5,3117,15.0
146000,0.7629,85.1,3138,15.0
147000,0.7236,84.6,3162,15.1
148000,0.7131,87.8,3184,15.3
149000,0.8221,84.0,3205,15.0
150000,0.7,84.7,3225,15.1
151000,0.8547,83.3,3247,14.8
152000,0.617,88.5,3268,14.8
153000,0.8206,84.9,3289,14.7
154000,0.8124,82.9,3310,14.8
155000,0.6159,87.1,3330,15.4
156000,0.7414,85.2,3352,15.0
157000,0.6618,86.6,3373,17.7
158000,0.7439,85.4,3395,15.6
159000,0.6748,86.5,3416,16.1
160000,0.6756,85.2,3437,15.2
161000,0.6976,85.4,3459,15.3
162000,0.6971,86.5,3480,17.1
163000,0.7559,84.6,3502,16.0
164000,0.8809,84.0,3522,15.2
165000,0.7491,85.5,3543,16.1
166000,0.7212,86.6,3567,15.2
167000,0.662,87.1,3591,15.3
168000,0.8302,85.6,3613,15.3
169000,0.6431,86.5,3636,15.2
170000,0.8952,82.4,3656,16.3
171000,0.7125,84.1,3677,17.4
172000,0.624,88.3,3697,17.4
173000,0.6954,86.9,3718,17.4
174000,0.7302,84.5,3741,17.5
175000,0.6358,85.9,3762,17.4
176000,0.7469,85.1,3784,17.4
177000,0.7214,85.0,3806,17.6
178000,0.6706,86.4,3828,17.5
179000,0.5528,88.3,3851,15.3
180000,0.8038,84.4,3872,15.4
181000,0.7519,83.3,3892,15.4
182000,0.6241,88.7,3915,15.4
183000,0.6747,87.5,3937,15.3
184000,0.7279,85.5,3959,15.8
185000,0.6299,86.6,3980,15.3
186000,0.6131,87.9,4001,15.6
187000,0.611,87.6,4023,15.2
188000,0.6998,86.0,4046,15.3
189000,0.7494,86.3,4068,15.2
190000,0.6588,88.1,4088,14.9
191000,0.7037,86.3,4110,14.9
192000,0.7696,84.8,4132,14.9
193000,0.6269,88.0,4152,14.9
194000,0.6591,87.1,4172,14.9
195000,0.6985,84.8,4194,14.9
196000,0.7354,84.9,4216,14.9
197000,0.6477,84.8,4238,15.0
198000,0.7164,85.5,4261,15.0
199000,0.6971,86.1,4283,14.9
200000,0.7465,85.7,4304,15.0
201000,0.6469,86.2,4325,15.1
202000,0.5917,88.3,4347,15.1
203000,0.61,87.7,4367,15.1
204000,0.6554,87.0,4390,15.7
205000,0.6217,87.6,4413,15.1
206000,0.6614,86.6,4432,15.1
207000,0.594,87.7,4455,16.6
208000,0.5917,88.5,4476,16.0
209000,0.5982,87.0,4498,15.6
210000,0.5272,88.5,4520,15.6
211000,0.6257,86.8,4541,16.1
212000,0.628,87.0,4562,15.1
213000,0.5668,88.7,4583,17.2
214000,0.6308,87.5,4606,17.4
215000,0.6993,86.7,4626,17.5
216000,0.5733,88.8,4647,17.4
217000,0.6146,88.4,4667,17.4
218000,0.7126,84.9,4688,17.4
219000,0.5588,88.4,4709,17.4
220000,0.7114,85.4,4730,17.3
221000,0.5942,88.7,4750,17.3
222000,0.5579,88.1,4771,17.4
223000,0.5635,88.0,4792,17.3
224000,0.6479,86.8,4814,16.2
225000,0.5878,88.0,4835,16.3
226000,0.6932,85.6,4854,15.2
227000,0.5899,88.8,4877,15.2
228000,0.5801,88.0,4899,15.3
229000,0.6429,86.8,4920,15.3
230000,0.6316,87.1,4940,15.4
231000,0.666,86.7,4962,15.7
232000,0.5645,88.7,4983,15.3
233000,0.7421,83.9,5003,14.8
234000,0.671,84.4,5025,15.9
235000,0.5383,89.0,5047,15.7
236000,0.7021,84.5,5070,15.2
237000,0.6508,87.2,5093,14.9
238000,0.6043,88.0,5115,14.9
239000,0.6451,87.1,5136,14.9
240000,0.6974,86.7,5157,14.9
241000,0.5723,86.9,5181,15.0
242000,0.5334,88.8,5200,14.9
243000,0.5446,88.1,5220,15.0
244000,0.6314,87.8,5243,15.0
245000,0.6398,85.4,5264,15.0
246000,0.583,88.5,5285,17.1
247000,0.4637,91.2,5305,17.8
248000,0.6217,87.7,5328,17.6
249000,0.6,88.0,5350,17.6
250000,0.5032,89.8,5372,16.5
251000,0.5853,86.5,5394,15.8
252000,0.4459,91.0,5414,15.1
253000,0.6494,86.4,5435,15.0
254000,0.5797,88.5,5455,14.9
255000,0.6426,86.3,5476,15.0
256000,0.6264,86.4,5496,15.2
257000,0.6559,87.0,5518,15.7
258000,0.5684,87.9,5541,15.6
259000,0.5163,90.3,5562,15.8
260000,0.613,86.6,5585,16.3
261000,0.5923,88.1,5606,16.6
262000,0.5967,87.1,5628,16.9
263000,0.6226,87.4,5650,15.8
264000,0.5652,88.8,5672,15.2
265000,0.5859,87.1,5694,15.8
266000,0.5543,88.4,5715,16.6
267000,0.5378,88.5,5736,15.1
268000,0.4957,89.7,5757,15.2
269000,0.5541,88.6,5780,15.0
270000,0.5686,88.5,5802,14.9
271000,0.5422,88.1,5822,14.9
272000,0.6279,88.6,5844,15.3
273000,0.6386,87.7,5865,14.8
274000,0.6576,86.8,5887,15.1
275000,0.5219,89.9,5910,15.2
276000,0.5645,88.6,5931,15.3
277000,0.5311,88.6,5952,15.2
278000,0.6149,86.7,5973,16.1
279000,0.6308,86.8,5993,17.4
280000,0.458,90.1,6014,17.4
281000,0.538,89.7,6033,16.6
282000,0.6495,86.9,6054,17.0
283000,0.525,89.6,6075,17.2
284000,0.5648,88.7,6097,15.2
285000,0.6041,86.9,6118,14.9
286000,0.4345,90.7,6138,15.0
287000,0.6121,88.5,6159,17.2
288000,0.5609,89.0,6182,17.3
289000,0.4939,89.6,6202,17.4
290000,0.4889,89.7,6224,17.3
291000,0.6417,86.8,6244,17.3
292000,0.4593,91.0,6264,17.3
293000,0.6638,85.7,6285,17.3
294000,0.4785,90.3,6306,17.3
295000,0.6306,88.0,6328,17.0
296000,0.5501,89.2,6350,15.1
297000,0.5668,89.0,6371,14.8
298000,0.5789,88.9,6394,15.1
299000,0.6027,87.9,6416,14.9
300000,0.4759,89.7,6440,14.9
301000,0.5464,89.4,6461,14.9
302000,0.6091,87.8,6482,14.9
303000,0.4393,90.9,6501,14.8
304000,0.6385,86.9,6523,15.0
305000,0.5179,90.1,6544,14.9
306000,0.5258,89.9,6565,14.9
307000,0.5334,88.4,6589,14.9
308000,0.5063,88.8,6610,15.0
309000,0.6692,86.2,6630,14.9
310000,0.5201,89.6,6652,14.9
311000,0.49,89.9,6673,14.8
312000,0.5053,89.7,6695,14.8
313000,0.5966,87.5,6717,14.8
314000,0.4629,90.9,6739,14.8
315000,0.5359,89.7,6761,14.8
316000,0.5216,88.9,6782,14.8
317000,0.5693,88.4,6804,14.7
318000,0.5468,89.1,6826,14.8
319000,0.4697,90.2,6847,14.8
320000,0.4816,90.6,6869,14.8
321000,0.4337,91.3,6891,14.9
322000,0.5524,89.3,6914,16.5
323000,0.5964,88.4,6935,17.2
324000,0.4564,90.2,6956,17.4
325000,0.5055,89.7,6977,17.4
326000,0.6019,88.3,6998,17.3
327000,0.5701,89.1,7019,17.3
328000,0.5774,89.1,7042,17.1
329000,0.6105,87.2,7062,17.1
330000,0.4949,89.1,7086,17.3
331000,0.4769,90.6,7107,17.3
332000,0.5075,90.0,7128,17.4
333000,0.5896,88.0,7149,17.2
334000,0.5555,87.9,7171,16.1
335000,0.4266,90.5,7193,15.2
336000,0.5582,88.0,7215,15.7
337000,0.5511,88.1,7236,16.2
338000,0.5541,88.5,7258,16.2
339000,0.5022,89.5,7278,15.2
340000,0.4685,91.9,7300,16.2
341000,0.5856,88.4,7321,15.4
342000,0.6032,88.1,7343,15.3
343000,0.5479,88.8,7364,17.1
344000,0.5126,89.0,7389,17.3
345000,0.4958,90.2,7411,17.3
346000,0.5159,89.1,7432,16.6
347000,0.4353,91.3,7453,17.4
348000,0.4815,90.7,7474,16.7
349000,0.5047,90.6,7494,16.6
350000,0.5613,89.9,7515,15.6
351000,0.5554,89.1,7536,17.0
352000,0.515,90.1,7559,18.2
353000,0.4746,90.9,7580,17.8
354000,0.423,91.8,7601,17.8
355000,0.5218,89.8,7622,19.0
356000,0.5622,88.4,7644,19.2
357000,0.5345,90.0,7664,18.0
358000,0.4022,91.3,7685,15.3
359000,0.4357,90.9,7706,15.7
360000,0.5207,90.1,7726,16.4
361000,0.5523,89.8,7749,16.8
362000,0.4691,90.8,7768,16.7
363000,0.5492,89.3,7791,16.1
364000,0.5464,89.3,7814,15.8
365000,0.5007,89.9,7836,17.8
366000,0.5216,89.5,7857,18.6
367000,0.548,89.9,7877,16.6
368000,0.5758,87.6,7898,15.3
369000,0.5228,89.2,7919,15.4
370000,0.4948,90.7,7939,16.4
371000,0.5226,89.2,7960,15.5
372000,0.4266,91.4,7983,16.0
373000,0.4195,90.9,8006,17.3
374000,0.4759,91.1,8026,16.4
375000,0.5039,89.9,8048,14.9
376000,0.4161,91.4,8069,15.3
377000,0.4485,91.0,8091,15.2
378000,0.4138,91.9,8112,15.3
379000,0.5736,89.7,8133,16.0
380000,0.5449,89.8,8153,15.6
381000,0.4301,91.1,8175,15.8
382000,0.4859,90.8,8196,15.5
383000,0.4542,91.7,8216,14.9
384000,0.4845,90.6,8239,15.1
385000,0.4833,90.4,8260,15.6
386000,0.5015,90.5,8281,15.4
387000,0.4885,89.9,8305,15.7
388000,0.4864,89.9,8328,16.5
389000,0.4672,91.1,8350,16.3
390000,0.4633,90.0,8370,16.4
391000,0.4539,90.8,8390,18.5
392000,0.5087,89.5,8412,17.0
393000,0.5216,90.2,8433,16.2
394000,0.435,92.1,8453,16.7
395000,0.508,90.1,8475,16.3
396000,0.4793,90.5,8497,17.3
397000,0.4024,92.1,8517,16.8
398000,0.5078,90.7,8539,16.1
399000,0.481,90.7,8562,15.8
400000,0.5041,90.1,8585,16.3
401000,0.3623,92.6,8606,15.7
402000,0.4842,90.3,8628,15.0
403000,0.5198,89.3,8650,17.1
404000,0.3918,92.3,8672,17.3
405000,0.6439,88.2,8694,15.8
406000,0.4523,91.0,8715,15.9
407000,0.5572,89.5,8739,16.3
408000,0.4696,91.0,8760,15.6
409000,0.4931,89.7,8779,16.9
410000,0.4464,91.7,8799,15.0
411000,0.5174,89.5,8822,16.4
412000,0.5249,89.0,8846,15.5
413000,0.5869,88.8,8867,15.5
414000,0.4383,91.7,8888,16.3
415000,0.4712,90.2,8910,15.5
416000,0.4018,91.6,8931,15.4
417000,0.5613,89.6,8952,16.1
418000,0.4385,91.1,8972,15.7
419000,0.5596,89.2,8995,15.7
420000,0.4932,90.8,9017,15.4
421000,0.4495,92.2,9035,15.4
422000,0.5136,90.2,9059,15.3
423000,0.4792,90.8,9080,17.1
424000,0.5485,90.2,9101,17.3
425000,0.512,90.2,9124,17.9
426000,0.4119,91.8,9146,17.2
427000,0.398,92.2,9167,17.7
428000,0.4636,91.3,9188,17.2
429000,0.4107,91.4,9210,17.2
430000,0.5096,90.6,9232,17.3
431000,0.4845,90.3,9256,17.3
432000,0.5448,89.2,9277,17.3
433000,0.3711,92.3,9297,17.3
434000,0.5368,90.0,9320,17.3
435000,0.4279,91.5,9342,16.8
436000,0.4677,91.6,9364,15.3
437000,0.5149,90.1,9384,15.4
438000,0.3123,92.9,9405,15.4
439000,0.4852,91.4,9425,15.3
440000,0.389,92.0,9445,15.3
441000,0.4913,91.0,9467,15.1
442000,0.469,90.6,9489,15.1
443000,0.4036,91.3,9509,15.1
444000,0.4394,91.4,9531,15.2
445000,0.3845,92.3,9552,15.2
446000,0.5542,89.2,9574,15.2
447000,0.5773,89.1,9595,15.2
448000,0.4391,91.3,9617,15.2
449000,0.382,92.9,9640,15.2
450000,0.5152,90.3,9661,15.2
451000,0.427,90.9,9682,15.2
452000,0.5302,90.2,9703,15.2
453000,0.4532,91.6,9726,15.9
454000,0.548,89.9,9750,15.4
455000,0.4705,90.5,9768,15.1
456000,0.3936,92.2,9790,15.1
457000,0.4901,90.3,9812,15.1
458000,0.5748,89.9,9833,15.0
459000,0.4408,90.8,9854,16.0
460000,0.4764,91.2,9874,15.4
461000,0.4146,91.0,9895,19.4
462000,0.3642,91.8,9915,18.9
463000,0.4134,92.2,9935,18.9
464000,0.4789,91.4,9956,18.9
465000,0.4028,91.4,9976,19.0
466000,0.4189,91.4,9999,19.1
467000,0.4198,91.1,10020,20.8
468000,0.5208,90.2,10042,19.4
469000,0.4174,91.1,10063,20.0
470000,0.3583,92.0,10084,18.8
471000,0.4504,91.0,10104,18.8
472000,0.538,90.0,10125,20.1
473000,0.4846,90.8,10145,24.4
474000,0.4314,91.6,10168,23.2
475000,0.5174,89.1,10188,24.1
476000,0.447,91.6,10210,21.4
477000,0.3991,91.3,10233,20.9
478000,0.4892,90.8,10255,21.0
479000,0.3858,92.6,10277,20.3
480000,0.4586,90.5,10300,20.3
481000,0.4079,92.2,10322,18.7
482000,0.5472,90.1,10341,20.7
483000,0.4929,90.5,10363,22.3
484000,0.4984,90.5,10384,18.8
485000,0.3526,93.0,10406,18.8
486000,0.4888,90.6,10429,18.8
487000,0.5222,89.7,10451,18.6
488000,0.3957,91.8,10473,18.8
489000,0.5002,90.9,10494,18.8
490000,0.3806,93.1,10515,22.6
491000,0.4884,90.9,10538,19.8
492000,0.4723,90.6,10558,19.1
493000,0.4657,91.1,10578,19.5
494000,0.4981,90.4,10600,23.5
495000,0.5771,89.4,10621,23.9
496000,0.3782,92.2,10643,22.7
497000,0.4554,91.2,10664,19.8
498000,0.4748,90.7,10685,20.4
499000,0.3711,92.1,10707,21.4
500000,0.6188,89.4,10728,21.9
